8,8,-667.0021699999993
9,8,-138.76421000000005
8,9,-498.299
10,8,597.18366
9,9,733.112
8,10,327.6170000000002
11,8,682.8580000000002
10,9,722.5548799999999
9,10,712.0540000000001
8,11,-200.61599999999999
12,8,1166.172
11,9,-207.463
10,10,-651.93217
9,11,-419.5110000000004
8,12,547.6939999999995
13,8,-77.96600000000126
12,9,1012.395
11,10,-651.7759999999998
10,11,-904.857
9,12,1083.8510000000006
14,8,153.03199999999924
13,9,53.376000000000204
12,10,-174.71600000000035
11,11,-311.3909999999996
10,12,-309.986
15,8,-868.6290000000008
14,9,465.2629999999999
13,10,-254.04500000000007
12,11,-559.8535200000006
11,12,-463.6750000000002
10,13,-791.9290000000001
16,8,-1739.5960000000014
15,9,-45.48400000000038
14,10,418.3580000000002
13,11,-1027.9009999999998
12,12,-463.5779999999995
11,13,-1078.812
10,14,165.1859999999997
17,8,-1490.9700000000012
16,9,-255.83300000000054
15,10,174.49700000000007
14,11,512.1859999999997
13,12,-382.78199999999924
12,13,-545.9740000000002
11,14,777.3220000000001
18,8,-988.9590000000026
17,9,284.65499999999884
16,10,461.114
15,11,359.22000000000025
14,12,285.45600000000013
13,13,-190.1389999999992
12,14,288.9970000000003
18,9,613.4779999999992
17,10,760.9099999999999
16,11,492.20899999999983
15,12,153.40600000000086
14,13,-386.8640000000014
13,14,-194.5049999999992
12,15,-229.03200000000004
19,9,743.7960000000057
18,10,789.7379999999994
17,11,361.68499999999995
16,12,80.05400000000009
15,13,-370.71900000000096
14,14,-712.7971099999995
13,15,-367.85599999999977
12,16,-306.797
20,9,350.1900000000023
19,10,219.80299999999988
18,11,709.9940000000001
17,12,577.6399999999994
16,13,-147.7619999999988
15,14,-355.0815399999992
14,15,-472.84899999999834
13,16,125.57700000000023
20,10,-59.88000000000102
19,11,524.6700000000001
18,12,628.6270000000004
17,13,-244.11599999999999
16,14,87.03800000000047
15,15,679.1440000000002
14,16,150.74599999999919
13,17,-405.4520000000002
21,10,-868.4059999999954
20,11,-113.96899999999914
19,12,1037.848
18,13,29.290999999999258
17,14,30.962999999999738
16,15,339.45558000000165
15,16,497.46900000000096
14,17,-164.55199999999968
21,11,-959.8480000000018
20,12,611.099
19,13,30.631999999999607
18,14,-297.6889999999985
17,15,-74.8760000000002
16,16,934.4628599999996
15,17,-4.706000000000131
14,18,-300.35199999999986
22,11,-1479.8869999999988
21,12,-537.1270000000004
20,13,772.6180000000004
19,14,155.67199999999866
18,15,-437.34999999999854
17,16,574.1417000000001
16,17,516.6599999999999
15,18,-144.29500000000007
23,11,-759.885999999995
22,12,-1356.6759999999995
21,13,682.3809999999999
20,14,278.3159999999989
19,15,-628.7020000000011
18,16,-21.688999999998487
17,17,799.9140000000007
16,18,41.706999999998516
23,12,-1090.214
22,13,-193.73
21,14,748.5200000000004
20,15,-547.8090000000011
19,16,-206.20999999999913
18,17,-13.531999999999243
17,18,112.71099999999933
16,19,-362.89300000000003
24,12,-659.8410000000003
23,13,250.38400000000001
22,14,373.875
21,15,248.95500000000175
20,16,-444.1409999999996
19,17,-752.0080000000016
18,18,48.45799999999872
17,19,-707.1820000000007
16,20,-421.16600000000017
25,12,-568.5220000000008
24,13,139.5640000000003
23,14,798.4880000000003
22,15,-26.011999999998807
21,16,223.57400000000052
20,17,-511.5519999999997
19,18,-67.67900000000009
18,19,-140.20100000000093
17,20,-276.0699999999997
24,14,519.701
23,15,268.4349999999995
22,16,48.78399999999965
21,17,-458.1160000000018
20,18,-274.8269999999975
19,19,-220.7599999999984
18,20,-248.5030000000006
25,14,740.3519999999999
24,15,125.36399999999958
23,16,277.32800000000134
22,17,189.78199999999924
21,18,67.80500000000029
20,19,-667.1953500000018
19,20,-552.7069999999985
18,21,-352.72600000000057
26,14,586.8760000000002
25,15,-99.18900000000122
24,16,-37.849999999998545
23,17,162.1820000000007
22,18,100.10003000000142
21,19,-455.497000000003
20,20,-416.40200000000186
19,21,-613.3529999999992
18,22,-253.4390000000003
26,15,160.23300000000017
25,16,-548.5800000000017
24,17,512.8080000000009
23,18,472.48999999999796
22,19,270.45120000000315
21,20,92.09199999999691
20,21,-172.36000000000058
19,22,62.46099999999933
27,15,1391.842
26,16,-687.7479999999996
25,17,-111.77000000000044
24,18,407.3220000000001
23,19,277.9689999999973
22,20,462.70700000000215
21,21,188.99700000000303
20,22,195.64700000000084
27,16,324.53900000000067
26,17,-309.5099999999984
25,18,290.18899999999485
24,19,794.6059999999998
23,20,801.1270000000004
22,21,801.8499999999985
21,22,724.4089999999997
20,23,183.64199999999983
28,16,1355.7639999999992
27,17,171.02699999999822
26,18,-23.2599999999984
25,19,168.5020000000004
24,20,851.2699999999968
23,21,253.9649999999965
22,22,31.41399999999703
21,23,11.920999999998457
20,24,348.10100000000057
28,17,937.4559999999983
27,18,129.19900000000052
26,19,344.3570000000036
25,20,697.7699999999968
24,21,867.6789999999964
23,22,349.73399999999674
22,23,183.5590000000011
21,24,745.1990000000005
29,17,435.0509999999995
28,18,-101.25500000000102
27,19,-113.92899999999645
26,20,450.3899999999994
25,21,288.3570000000036
24,22,-38.26900000000023
23,23,-415.8969999999972
22,24,-151.5699999999997
21,25,32.25200000000041
29,18,-527.2740000000013
28,19,-91.98200000000361
27,20,75.33499999999913
26,21,453.1580000000031
25,22,-137.612000000001
24,23,182.9300000000003
23,24,146.90699999999924
22,25,-426.3760000000002
30,18,-514.9269999999997
29,19,-504.48199999999997
28,20,-424.8680000000022
27,21,25.91700000000128
26,22,-62.9519999999975
25,23,-768.0049999999974
24,24,68.68699999999808
23,25,-876.6440000000002
22,26,-208.57500000000073
30,19,-441.4959999999992
29,20,-1010.002999999997
28,21,-102.44700000000012
27,22,105.98799999999756
26,23,77.84300000000076
25,24,-282.35199999999895
24,25,-369.9250000000029
23,26,39.27000000000044
31,19,-1467.8529999999992
30,20,-859.2300000000032
29,21,-617.1200000000026
28,22,58.13300000000163
27,23,-133.23999999999796
26,24,-101.3640000000014
25,25,-596.8859999999986
24,26,-126.45999999999913
23,27,-159.40299999999843
32,19,-2025.4569999999985
31,20,-2212.3099999999977
30,21,-370.3530000000028
29,22,-312.9649999999965
28,23,286.8949999999968
27,24,289.2850000000035
26,25,-373.22499999999854
25,26,-309.1849999999977
24,27,207.85399999999936
33,19,-2417.6280000000006
32,20,-2816.271999999997
31,21,-1233.5599999999977
30,22,-107.69799999999668
29,23,-133.03199999999924
28,24,520.4919999999984
27,25,-521.3870000000024
26,26,-142.09500000000116
25,27,-463.97899999999936
24,28,720.1440000000002
34,19,-2305.7219999999998
33,20,-3457.7069999999985
32,21,-1689.5550000000003
31,22,-701.4329999999973
30,23,-11.67500000000291
29,24,-17.618000000002212
28,25,329.65000000000146
27,26,142.51699999999983
26,27,120.62400000000343
25,28,629.1729999999989
34,20,-2810.5869999999995
33,21,-1817.9340000000047
32,22,-733.8119999999981
31,23,-318.2669999999998
30,24,-225.37900000000081
29,25,-378.247000000003
28,26,375.38500000000204
27,27,89.9320000000007
26,28,551.6880000000019
35,20,-2540.375
34,21,-1382.1080000000002
33,22,-922.4689999999973
32,23,-195.1359999999986
31,24,-200.32400000000052
30,25,-452.5420000000013
29,26,-111.42199999999866
28,27,280.0040000000008
27,28,474.03899999999703
26,29,64.59700000000157
36,20,-1730.3899999999994
35,21,-1205.8480000000018
34,22,-612.9950000000026
33,23,-393.400999999998
32,24,-85.12799999999697
31,25,-601.6659999999974
30,26,-337.16300000000047
29,27,-250.5179999999964
28,28,412.3510000000024
27,29,-129.73300000000017
36,21,-1029.6529999999984
35,22,-431.84799999999814
34,23,-275.0630000000019
33,24,-64.98500000000058
32,25,-326.27900000000227
31,26,-352.0169999999998
30,27,14.341999999996915
29,28,336.03899999999703
28,29,310.98599999999715
37,21,-1239.5689999999995
36,22,192.33199999999852
35,23,-120.58400000000256
34,24,-191.80799999999726
33,25,-517.5679999999993
32,26,-615.2710000000006
31,27,-157.29200000000128
30,28,491.1290000000008
29,29,312.1489999999976
28,30,641.1290000000008
38,21,-1209.5499999999993
36,23,249.38300000000163
35,24,174.06900000000314
34,25,-375.32800000000134
33,26,-534.9570000000022
32,27,-239.83800000000338
31,28,443.1670000000013
30,29,561.5460000000021
29,30,714.3220000000001
38,22,100.30199999999968
37,23,342.59799999999814
36,24,-68.5
35,25,-407.94600000000355
34,26,-553.1739999999991
33,27,-270.4369999999981
32,28,196.7569999999978
31,29,84.73799999999756
30,30,885.5299999999988
38,23,132.87900000000081
37,24,223.4979999999996
36,25,-192.12999999999738
35,26,-270.502999999997
34,27,-258.17899999999645
33,28,317.971000000005
32,29,105.93699999999808
31,30,771.0939999999973
30,31,715.3380000000034
39,23,-153.16400000000067
38,24,-232.61099999999715
37,25,-163.9649999999965
36,26,-318.0570000000007
35,27,-164.3989999999976
34,28,-156.44000000000233
33,29,-137.54299999999785
32,30,271.9119999999966
31,31,102.9780000000028
40,23,-220.14099999999962
39,24,-178.29899999999907
38,25,-237.0610000000015
37,26,64.37099999999919
36,27,-221.55299999999988
35,28,117.10899999999674
34,29,-339.8680000000095
33,30,286.57100000000355
32,31,512.9000000000015
31,32,678.7790000000023
40,24,-139.9780000000028
39,25,-19.040000000000873
38,26,-49.55200000000332
37,27,-182.44200000000274
36,28,-279.03399999999965
35,29,-414.41799999999057
34,30,-204.0179999999964
33,31,-72.8269999999975
32,32,364.497000000003
40,25,-147.34399999999732
39,26,312.09799999999814
38,27,64.79499999999825
37,28,44.203999999997905
36,29,-563.676999999996
35,30,117.97599999999511
34,31,2.514000000002852
33,32,461.77700000000186
32,33,262.94400000000314
41,25,-930.3919999999998
40,26,252.15299999999843
39,27,311.45900000000256
38,28,-356.2930000000051
37,29,-438.2890000000043
36,30,-429.22900000000664
35,31,-153.72899999999936
34,32,-117.04099999999744
33,33,-455.08400000000256
41,26,171.58400000000256
40,27,548.2169999999969
39,28,-312.6880000000019
38,29,-569.5529999999999
37,30,119.62399999999616
36,31,-329.1560000000027
35,32,236.28199999999924
34,33,162.7679999999964
33,34,249.7059999999983
41,27,637.4089999999997
40,28,-33.822000000000116
39,29,-237.04300000000512
38,30,-297.153999999995
37,31,-286.0540000000037
36,32,-388.79899999999907
35,33,-84.52700000000186
34,34,-129.44900000000052
42,27,-45.447000000000116
41,28,121.34399999999732
40,29,3.778999999994994
39,30,252.09399999999732
38,31,-327.820000000007
37,32,189.32600000000093
36,33,-42.18099999999686
35,34,225.28600000000006
34,35,200.5219999999972
43,27,-214.96300000000338
42,28,-193.8680000000022
41,29,253.61899999999878
40,30,315.25199999999313
39,31,-210.14999999999418
38,32,-342.0359999999928
37,33,106.02700000000186
36,34,-369.90000000000146
35,35,-335.6270000000004
44,27,-239.9300000000003
43,28,113.76400000000285
42,29,-191.1339999999982
41,30,381.2140000000072
40,31,220.87300000000687
39,32,423.3429999999935
38,33,6.743000000002212
37,34,283.4850000000006
36,35,107.57400000000052
35,36,-97.21100000000297
44,28,-6.0679999999993015
43,29,66.99399999999878
42,30,-325.49499999999534
41,31,351.71600000000035
40,32,154.0899999999965
39,33,470.19199999999546
38,34,-298.1889999999985
37,35,38.25
36,36,-230.58200000000215
45,28,-178.15899999999965
44,29,-127.44499999999971
43,30,-163.4109999999855
42,31,-249.34299999999348
41,32,392.4679999999935
40,33,637.2430000000022
39,34,582.6040000000066
38,35,154.21300000000338
37,36,178.24199999999837
36,37,68.38900000000285
45,29,-556.2130000000034
44,30,-476.72000000000116
43,31,-219.62600000000384
42,32,-472.45100000000093
41,33,379.9360000000015
40,34,176.7899999999936
39,35,391.83899999999994
38,36,-281.8439999999973
37,37,-876.0160000000033
46,29,-550.2189999999973
45,30,-158.91599999999744
44,31,-440.6389999999956
43,32,-206.97299999999814
42,33,-104.20299999999406
41,34,270.5109999999986
40,35,662.9799999999959
39,36,96.36800000000221
38,37,-258.7019999999975
37,38,-488.7019999999975
47,29,-231.6270000000004
46,30,-583.0239999999976
45,31,-366.64800000000105
44,32,-612.898000000001
43,33,48.61599999999453
42,34,-421.95900000000256
41,35,180.92200000000594
40,36,136.2939999999944
39,37,-559.0889999999999
38,38,-327.6449999999968
48,29,217.17199999999866
47,30,-329.20300000000134
46,31,-452.35199999999895
45,32,-432.86999999999534
44,33,-256.33400000000256
43,34,-19.497000000003027
42,35,85.1820000000007
41,36,100.54899999999907
40,37,359.5
39,38,-403.4429999999993
49,29,810.525999999998
48,30,456.75800000000163
47,31,-624.0849999999991
46,32,-692.0580000000045
45,33,-256.97000000000116
44,34,-415.9520000000048
43,35,267.8319999999949
42,36,-418.2829999999958
41,37,-15.426999999996042
40,38,86.05099999999948
50,29,1181.961000000003
49,30,857.6979999999967
48,31,-48.3550000000032
47,32,-327.179999999993
46,33,-366.0810000000056
45,34,-107.46600000000035
44,35,81.93300000000454
43,36,97.7100000000064
42,37,87.2219999999943
41,38,-39.66399999999703
40,39,277.0650000000023
50,30,1811.3810000000012
49,31,726.3249999999971
48,32,-125.31399999999849
47,33,-184.6009999999951
46,34,-519.4869999999937
45,35,120.97500000000582
44,36,-263.45500000000175
43,37,104.52400000000489
42,38,-301.4670000000042
41,39,-338.1619999999966
51,30,1380.3309999999983
50,31,1342.0380000000005
49,32,468.304999999993
48,33,-33.31399999999849
47,34,-149.01900000000023
46,35,-177.05100000000675
45,36,113.80100000000675
44,37,333.2960000000021
43,38,271.86599999999453
42,39,167.0810000000056
41,40,715.5820000000022
52,30,1746.0400000000009
51,31,1279.2750000000015
50,32,1434.925000000003
49,33,494.57300000000396
48,34,-163.89500000000407
47,35,-28.676999999996042
46,36,-331.7950899999996
45,37,402.18700000000536
44,38,-100.06200000000536
43,39,165.9030000000057
42,40,245.93699999999808
52,31,1232.8709999999992
51,32,953.5579999999973
50,33,950.6689999999944
49,34,639.4569999999949
48,35,-63.721000000005006
47,36,219.3570000000036
46,37,349.3610000000044
45,38,272.38400000000547
44,39,594.3279999999941
43,40,728.3410000000003
42,41,247.0899999999965
53,31,1045.8640000000014
52,32,1191.5650000000023
51,33,876.4320000000007
50,34,792.2690000000002
49,35,396.9060000000027
48,36,-79.34527000000526
47,37,221.02499999999418
46,38,-139.58000000000175
45,39,635.5610000000015
44,40,338.30800000000454
43,41,-23.841999999996915
54,31,1035.940999999999
53,32,666.5729999999967
52,33,850.8480000000054
51,34,366.3549999999959
50,35,604.5219999999972
49,36,329.65899999999965
48,37,292.6593500000017
47,38,276.7100000000064
46,39,527.869000000006
45,40,694.8040000000037
44,41,500.31600000000617
43,42,280.23999999999796
54,32,1200.0729999999967
53,33,617.8499999999985
52,34,626.8249999999971
51,35,317.7390000000014
50,36,214.3240700000024
49,37,-207.00299999999697
48,38,-53.09977000000072
47,39,536.8999999999942
46,40,310.97699999999895
45,41,305.9389999999985
44,42,-180.92700000000332
54,33,622.086000000003
53,34,123.86699999999837
52,35,378.3150000000023
51,36,10.468999999997322
50,37,-117.80199999999604
49,38,-70.07643000000098
48,39,241.61299999999756
47,40,712.8530000000028
46,41,415.5069999999978
45,42,125.18300000000454
44,43,269.9479999999967
54,34,415.79699999999866
53,35,-15.967000000004191
52,36,78.70500000000175
51,37,-229.00400000000081
50,38,-541.6287600000069
49,39,-109.028999999995
48,40,451.12600000000384
47,41,458.445000000007
46,42,-276.5529999999999
45,43,-120.30099999999948
55,34,177.60199999999895
54,35,105.72900000000664
53,36,-375.79499999999825
52,37,7.600999999995111
51,38,-679.025999999998
50,39,-651.2020000000048
49,40,412.025999999998
48,41,424.24499999999534
47,42,105.05599999999686
46,43,25.14299999999639
45,44,-219.42399999999907
56,34,569.7770000000019
55,35,289.6940000000104
54,36,-119.25900000000547
53,37,-545.573000000004
52,38,-410.945000000007
51,39,-656.9119999999966
50,40,-22.547000000005937
49,41,168.46899999999732
48,42,-82.51399999999558
47,43,-74.69599999999627
46,44,-353.8009999999995
57,34,149.87000000000262
56,35,272.6990000000005
55,36,-303.974000000002
54,37,-255.04899999999907
53,38,-551.9499999999971
52,39,-191.32099999999627
51,40,-95.59200000000419
50,41,1.9719999999942956
49,42,1.1659999999974389
48,43,63.34299999999348
47,44,-79.83299999999872
57,35,597.1880000000019
56,36,40.671000000002095
55,37,-482.4499999999971
54,38,-377.3709999999992
53,39,-456.49400000000605
52,40,290.9759999999951
51,41,-183.2899999999936
50,42,-218.58699999999953
49,43,-225.70299999999406
48,44,-221.2109999999957
47,45,-549.0950000000012
46,46,-549.0950000000012
58,35,499.7649999999994
57,36,-6.002000000007683
56,37,-239.89999999999418
55,38,-815.8439999999973
54,39,-197.15499999999884
53,40,87.9719999999943
52,41,327.1600000000035
51,42,-297.0789999999979
50,43,-146.11599999999453
49,44,-116.72299999999814
48,45,-191.80999999999767
47,46,-191.80999999999767
58,36,422.22000000000116
57,37,147.20900000000256
56,38,-525.721000000005
55,39,-851.4729999999981
54,40,260.6680000000051
53,41,220.93700000000536
52,42,-54.078999999997905
51,43,-248.33199999999488
50,44,-193.60199999999895
49,45,-557.6230000000069
48,46,-452.2810000000027
59,36,471.08000000000175
58,37,369.6929999999993
57,38,-537.2839999999997
56,39,-647.9370000000054
55,40,-219.94000000000233
54,41,423.7280000000028
53,42,-41.87200000000303
52,43,78.64500000000407
51,44,-307.75900000000547
50,45,-290.61599999999453
49,46,-395.91300000000047
60,36,728.3179999999993
59,37,805.6489999999976
58,38,211.75199999999313
57,39,-579.9860000000044
56,40,-248.86000000000058
55,41,127.16999999999825
54,42,95.11100000000442
53,43,138.35199999999895
52,44,-210.38499999999476
51,45,-387.7320000000036
50,46,-403.41999999999825
49,47,-641.6449999999968
61,36,816.5009999999966
60,37,690.8550000000032
59,38,349.32600000000093
58,39,154.54499999999825
57,40,-556.6929999999993
56,41,137.20299999999406
55,42,95.30000000000291
54,43,255.5639999999985
53,44,-120.56399999999849
52,45,-227.5639999999985
51,46,-455.85199999999895
50,47,-384.02700000000186
49,48,-544.0270000000019
61,37,350.84799999999814
60,38,597.6110000000044
59,39,741.2519999999931
58,40,538.2430000000022
57,41,55.388000000006286
56,42,164.02000000000407
55,43,377.7859999999928
54,44,-144.87099999999919
53,45,-155.21899999999732
52,46,-410.9850000000006
51,47,-526.4250000000029
50,48,-306.4250000000029
62,37,188.84999999999854
61,38,-138.52700000000186
60,39,406.2700000000041
59,40,913.3300000000017
58,41,694.6560000000027
57,42,559.8940000000002
56,43,392.13099999999395
55,44,34.61500000000524
54,45,-164.5219999999972
53,46,-332.8610000000044
52,47,-252.4829999999929
51,48,-261.1319999999978
63,37,194.1160000000018
62,38,222.49500000000262
61,39,88.75900000000547
60,40,1127.2639999999956
59,41,828.7540000000008
58,42,436.971000000005
57,43,539.0489999999991
56,44,-87.39100000000326
55,45,-71.13000000000466
54,46,-452.67200000000594
53,47,-267.9689999999973
52,48,-154.59500000000116
51,49,-478.14600000000064
50,50,-478.14600000000064
64,37,402.5829999999987
63,38,-324.91399999999703
62,39,-94.7870000000039
61,40,619.0130000000063
60,41,668.5120000000024
59,42,690.0479999999952
58,43,575.4070000000065
57,44,251.88700000000244
56,45,-102.42799999999988
55,46,-302.1450000000041
54,47,-224.38400000000547
53,48,-96.46600000000035
52,49,-104.90099999999802
51,50,-545.6240000000034
65,37,537.6880000000019
64,38,110.68899999999849
63,39,-222.64100000000326
62,40,728.573000000004
61,41,441.7350000000006
60,42,449.13400000000547
59,43,537.0789999999979
58,44,43.56500000000233
57,45,136.68399999999383
56,46,-462.9630000000034
55,47,-286.7020000000048
54,48,-209.70200000000477
53,49,-124.89599999999336
52,50,-34.895999999993364
64,39,-397.03399999999965
63,40,361.0069999999978
62,41,181.33299999999872
61,42,185.6689999999944
60,43,336.08000000000175
59,44,482.8319999999949
58,45,98.29499999999825
57,46,-156.97999999999593
56,47,-212.70200000000477
55,48,-61.62600000000384
54,49,-2.396999999997206
64,40,582.3399999999965
63,41,199.00299999999697
62,42,166.25199999999313
61,43,401.0310000000027
60,44,84.23699999999371
59,45,330.6560000000027
58,46,-335.12300000000687
57,47,-176.47000000000116
56,48,-278.39100000000326
55,49,27.32499999999709
54,50,202.9429999999993
52,52,413.1690000000017
65,40,321.7260000000024
64,41,114.45299999999406
63,42,-110.78800000000047
62,43,-46.302999999999884
61,44,205.45699999999488
60,45,128.72999999999593
59,46,22.095000000001164
58,47,-80.84799999999814
57,48,-33.84900000000198
56,49,-10.581999999994878
55,50,351.99899999999616
54,51,344.5089999999982
53,52,218.4910000000018
65,41,267.3220000000001
64,42,41.99700000000303
63,43,33.74700000000303
62,44,-13.252999999996973
61,45,167.34399999999732
60,46,-217.54300000000512
59,47,-62.39900000000489
58,48,-282.1530000000057
57,49,91.85000000000582
56,50,206.30199999999604
55,51,46.69899999999325
54,52,50.241000000001804
66,41,346.19499999999243
65,42,-64.97500000000582
64,43,-49.96700000000419
63,44,-22.56500000000233
62,45,-153.7109999999957
61,46,247.346000000005
60,47,-6.69999999999709
59,48,-10.32499999999709
58,49,-16.66700000000128
57,50,387.7609999999986
56,51,76.75199999999313
67,41,634.8020000000033
66,42,290.70299999999406
65,43,-12.831000000005588
64,44,-81.403999999995
63,45,8.843999999997322
62,46,-134.2149999999965
61,47,253.20799999999872
60,48,-242.42299999999523
59,49,40.17200000000594
58,50,130.05100000000675
57,51,114.65899999999965
56,52,-61.67600000000675
54,54,-122.35700000000361
68,41,990.1999999999971
67,42,320.7149999999965
66,43,77.17200000000594
65,44,-28.455000000001746
64,45,-239.25100000000384
63,46,113.51600000000326
62,47,160.56900000000314
61,48,185.66999999999825
60,49,-29.52599999999802
59,50,429.820000000007
58,51,-20.986000000004424
57,52,174.6009999999951
56,53,107.49500000000262
55,54,-99.5460000000021
69,41,1170.086000000003
68,42,624.1860000000015
67,43,185.4360000000015
66,44,-32.629000000000815
65,45,-108.6929999999993
64,46,-100.903999999995
63,47,312.69400000000314
62,48,-107.96899999999732
61,49,170.03100000000268
60,50,8.006999999997788
59,51,130.25500000000466
58,52,-169.82099999999627
57,53,-47.84399999999732
56,54,-252.6359999999986
69,42,1100.186999999998
68,43,235.3249999999971
67,44,4.67500000000291
66,45,-303.8709999999992
65,46,164.1140000000014
64,47,94.55299999999988
63,48,247.75299999999697
62,49,57.94999999999709
61,50,311.4189999999944
60,51,-126.74700000000303
59,52,142.5130000000063
58,53,16.205000000001746
69,43,541.0679999999993
68,44,119.12699999999313
67,45,-131.05199999999604
66,46,-71.03900000000431
65,47,406.27099999999336
64,48,25.14299999999639
63,49,229.87300000000687
62,50,-105.04899999999907
61,51,21.027000000001863
60,52,-207.5179999999964
59,53,56.66099999999278
58,54,-336.34799999999814
70,43,898.4510000000009
69,44,252.18399999999383
68,45,-306.94400000000314
67,46,189.5
66,47,43.17500000000291
65,48,246.71400000000722
64,49,182.87699999999313
63,50,211.87099999999919
62,51,-176.96600000000035
61,52,222.96300000000338
60,53,-19.5170000000071
59,54,-13.625999999996566
58,55,-114.53899999999703
71,43,1119.7059999999983
70,44,458.7869999999966
69,45,19.72500000000582
68,46,9.653999999994994
67,47,469.1889999999985
66,48,115.06600000000617
65,49,210.1929999999993
64,50,-179.73500000000058
63,51,243.38400000000547
62,52,-189.67600000000675
61,53,151.06500000000233
60,54,-335.8990000000049
59,55,54.072000000000116
58,56,-335.4369999999981
71,44,684.7039999999979
70,45,-69.2280000000028
69,46,224.17799999999988
68,47,77.41300000000047
67,48,335.5200000000041
66,49,113.64299999999639
65,50,-63.846000000005006
64,51,-133.41199999999662
63,52,397.2329999999929
62,53,-87.80499999999302
61,54,173.2430000000022
72,44,631.0829999999987
71,45,184.25800000000163
70,46,128.97400000000198
69,47,487.3359999999957
68,48,157.5109999999986
67,49,430.24199999999837
66,50,-145.97900000000664
65,51,157.97999999999593
64,52,-143.79300000000512
63,53,99.346000000005
62,54,-226.87699999999313
73,44,1020.1290000000008
72,45,343.24199999999837
71,46,176.11000000000058
70,47,78.08199999999488
69,48,361.6030000000028
68,49,176.9649999999965
67,50,22.25800000000163
66,51,20.436000000001513
65,52,374.5
64,53,31.4320000000007
63,54,174.6530000000057
62,55,156.8990000000049
61,56,2.0939999999973224
73,45,823.1600000000035
72,46,191.6420000000071
71,47,226.19800000000396
70,48,118.35099999999511
69,49,561.823000000004
68,50,-62.84299999999348
67,51,243.7960000000021
66,52,-10.75800000000163
65,53,358.94400000000314
64,54,-319.06699999999546
63,55,290.62300000000687
74,45,587.1979999999967
73,46,752.7229999999981
72,47,14.240999999994528
71,48,293.0610000000015
70,49,101.34200000000419
69,50,175.01499999999942
68,51,-15.539000000004307
67,52,447.4609999999957
66,53,32.26900000000023
65,54,-24.487999999997555
64,55,134.9389999999985
63,56,99.90400000000227
74,46,250.39599999999336
73,47,228.48799999999756
72,48,62.63499999999476
71,49,342.25900000000547
70,50,-97.74099999999453
69,51,412.86699999999837
68,52,37.83999999999651
67,53,522.8399999999965
66,54,-482.43399999999383
65,55,51.35099999999511
64,56,41.35099999999511
76,45,1059.8660000000018
75,46,807.6630000000005
74,47,247.1689999999944
73,48,66.16300000000047
72,49,-54.59299999999348
71,50,53.37399999999616
70,51,0.8429999999934807
69,52,256.8889999999956
68,53,44.35099999999511
67,54,-90.99700000000303
66,55,-32.34200000000419
65,56,-14.846999999994296
76,46,583.8309999999983
75,47,653.8819999999978
74,48,-52.38400000000547
73,49,178.63899999999558
72,50,-159.95299999999406
71,51,245.79499999999825
70,52,-23.28200000000652
69,53,140.71799999999348
68,54,-434.98799999999756
67,55,-104.76900000000023
66,56,-258.9520000000048
77,46,930.2520000000004
76,47,531.4189999999944
75,48,365.81699999999546
74,49,-339.03399999999965
73,50,-114.68300000000454
72,51,-172.88999999999942
71,52,59.021999999997206
70,53,-192.58800000000338
69,54,-38.25800000000163
68,55,-333.6570000000065
67,56,-74.96300000000338
77,47,690.0489999999991
76,48,80.56399999999849
75,49,62.221999999994296
74,50,-341.4750000000058
73,51,90.93099999999686
72,52,-104.1420000000071
71,53,5.445000000006985
70,54,-397.40499999999884
69,55,-251.05999999999767
68,56,-489.7859999999928
67,57,271.38300000000163
78,47,390.0610000000015
77,48,341.9100000000035
76,49,-82.30800000000454
75,50,-243.65700000000652
74,51,-455.0939999999973
73,52,-11.793999999994412
72,53,-296.0240000000049
71,54,-299.3610000000044
70,55,-299.74199999999837
69,56,-388.9759999999951
68,57,80.50800000000163
78,48,104.27300000000105
77,49,70.62300000000687
76,50,-345.13499999999476
75,51,-83.13499999999476
74,52,-234.16800000000512
73,53,-90.49599999999919
72,54,-406.3868700000021
71,55,-440.68300000000454
70,56,-609.9130000000005
69,57,16.52400000000489
68,58,-0.5650000000023283
79,48,398.80100000000675
78,49,-189.8969999999972
77,50,-119.57799999999406
76,51,-508.2939999999944
75,52,-50.49700000000303
74,53,-393.2170000000042
73,54,-340.88300000000163
72,55,-470.02700000000186
71,56,-317.95500000000175
70,57,-236.11599999999453
69,58,240.65600000000268
80,48,391.75500000000466
79,49,-70.11699999999837
78,50,-551.429999999993
77,51,-229.85199999999895
76,52,-143.7939999999944
75,53,-48.029999999998836
74,54,-430.53427000000374
73,55,-271.77300000000105
72,56,-529.1560000000027
71,57,-205.4389999999985
70,58,-183.9250000000029
69,59,509.2360000000044
81,48,997.8580000000075
80,49,-104.88899999999558
79,50,-250.5969999999943
78,51,-479.38400000000547
77,52,-104.88400000000547
76,53,-287.17600000000675
75,54,-236.0697499999951
74,55,-399.0500000000029
73,56,-320.86599999999453
72,57,-353.54099999999744
71,58,-107.50400000000081
70,59,476.43399999999383
82,48,1192.4029999999984
81,49,-36.529999999998836
80,50,-512.2170000000042
79,51,-65.68700000000536
78,52,-182.9600000000064
77,53,43.812000000005355
76,54,-200.47400000000198
75,55,-119.75400000000081
74,56,-446.775999999998
73,57,-287.37399999999616
72,58,-582.9130000000005
71,59,354.5359999999928
70,60,243.7609999999986
83,48,1098.239999999998
82,49,145.63099999999395
81,50,-414.5789999999979
80,51,-451.4119999999966
79,52,58.978000000002794
78,53,-322.72699999999895
77,54,-73.57491999999911
76,55,-105.57399999999325
75,56,-208.95799999999872
74,57,-339.2649999999994
73,58,-198.44800000000396
72,59,119.33599999999569
71,60,581.9600000000064
84,48,1384.5710000000036
83,49,338.44600000000355
82,50,-726.5540000000037
81,51,-345.2820000000065
80,52,-78.19700000000012
79,53,-3.5019999999931315
78,54,-98.97451000000001
77,55,117.3070000000007
76,56,-154.9030000000057
75,57,-23.577999999994063
74,58,-408.68799999999464
73,59,-137.46400000000722
72,60,254.18499999999767
83,50,-513.8899999999994
82,51,-153.5130000000063
81,52,-67.13300000000163
80,53,-27.301999999996042
79,54,-33.58299999999872
78,55,-50.9429999999993
77,56,-23.512000000002445
76,57,-4.392000000007101
75,58,-78.22299999999814
74,59,-137.59100000000035
73,60,217.61999999999534
72,61,742.3470000000016
84,50,46.24099999999453
83,51,-369.0040000000008
82,52,-163.75199999999313
81,53,46.55999999999767
80,54,94.16556999999739
79,55,238.8350000000064
78,56,-10.001999999993131
77,57,161.34100000000035
76,58,-92.89800000000105
75,59,-8.0
74,60,-386.4429999999993
73,61,686.0920000000042
85,50,107.74799999999959
84,51,-30.331999999994878
83,52,-98.7899999999936
82,53,-159.17999999999302
81,54,96.63499999999476
80,55,28.043999999994412
79,56,99.34500000000116
78,57,86.54200000000128
77,58,-26.30800000000454
76,59,14.127999999996973
75,60,66.38000000000466
74,61,287.6710000000021
73,62,942.7779999999984
85,51,63.109999999993306
84,52,64.721000000005
83,53,-55.22500000000582
82,54,110.83000000000175
81,55,21.145000000004075
80,56,202.9210000000021
79,57,332.51200000000244
78,58,51.44999999999709
77,59,39.578999999997905
76,60,-59.29700000000594
75,61,290.0770000000048
74,62,309.1009999999951
86,51,409.6080000000002
85,52,166.23799999999756
84,53,103.73200000000361
83,54,126.58599999999569
82,55,114.2280000000028
81,56,-21.40099999999802
80,57,279.13499999999476
79,58,221.23500000000058
78,59,138.1860000000015
77,60,6.0310000000026776
76,61,417.1420000000071
75,62,398.34500000000116
74,63,974.0959999999977
86,52,324.00500000000466
85,53,80.08999999999651
84,54,127.75599999999395
83,55,322.9719999999943
82,56,198.19400000000314
81,57,166.5920000000042
80,58,254.13300000000163
79,59,381.13300000000163
78,60,112.8179999999993
77,61,455.63000000000466
76,62,62.228000000002794
75,63,1020.3240000000005
87,52,524.9199999999983
86,53,239.03599999999278
85,54,135.4140000000043
84,55,228.91199999999662
83,56,216.08199999999488
82,57,77.61900000000605
81,58,12.259000000005472
80,59,311.34799999999814
79,60,253.07000000000698
78,61,428.9719999999943
77,62,329.77099999999336
76,63,681.9490000000005
88,52,622.5509999999995
87,53,443.77700000000186
86,54,73.53900000000431
85,55,150.26200000000244
84,56,172.09500000000116
83,57,207.94100000000617
82,58,165.77300000000105
81,59,213.77300000000105
80,60,232.75400000000081
79,61,417.9539999999979
78,62,244.05499999999302
77,63,504.054999999993
76,64,497.7220000000016
75,65,1317.7220000000016
88,53,473.33400000000256
87,54,272.69100000000617
86,55,122.64900000000489
85,56,87.50800000000163
84,57,250.15600000000268
83,58,-31.05800000000454
82,59,65.46700000000419
81,60,-1.5200000000040745
80,61,317.0679999999993
79,62,476.04099999999744
78,63,734.3530000000028
77,64,535.7690000000002
76,65,1169.1569999999992
89,53,677.0310000000027
88,54,220.35199999999895
87,55,95.44400000000314
86,56,-32.25699999999779
85,57,106.05000000000291
84,58,77.10400000000664
83,59,173.63300000000163
82,60,19.945000000006985
81,61,-31.535999999992782
80,62,198.07000000000698
79,63,481.070000000007
78,64,370.4780000000028
77,65,1010.4780000000028
89,54,397.1180000000022
88,55,24.480999999999767
87,56,-27.205000000001746
86,57,88.53299999999581
85,58,63.62200000000303
84,59,61.80000000000291
83,60,-172.30999999999767
82,61,-120.66400000000431
81,62,-97.13499999999476
80,63,338.6889999999985
79,64,498.6889999999985
78,65,920.8079999999973
77,66,721.0509999999995
90,54,417.6990000000005
89,55,178.637999999999
88,56,-167.13000000000466
87,57,80.33999999999651
86,58,-61.94199999999546
85,59,-30.588000000003376
84,60,-38.028000000005704
83,61,-56.11599999999453
82,62,-235.62600000000384
81,63,-259.1750000000029
80,64,170.4890000000014
79,65,761.8119999999981
78,66,489.90899999999965
77,67,1140.4789999999994
91,54,676.6630000000005
90,55,175.57600000000093
89,56,-86.18300000000454
88,57,-95.32499999999709
87,58,82.94100000000617
86,59,134.00999999999476
85,60,-182.00400000000081
84,61,-27.505999999993946
83,62,-391.4070000000065
82,63,-331.5240000000049
81,64,-196.62600000000384
80,65,110.3070000000007
79,66,777.3929999999964
78,67,1019.8870000000024
92,54,625.0500000000029
91,55,439.6200000000026
90,56,-46.26900000000751
89,57,-81.17399999999907
88,58,-95.86800000000221
87,59,406.5139999999956
86,60,-105.91599999999744
85,61,15.639999999999418
84,62,-196.36000000000058
83,63,-307.6030000000028
82,64,-525.823000000004
81,65,-53.64400000000023
80,66,235.07200000000012
79,67,1231.773000000001
78,68,587.9809999999998
92,55,519.9270000000033
91,56,345.96399999999994
90,57,91.6030000000028
89,58,16.097999999998137
88,59,155.90700000000652
87,60,113.20600000000559
86,61,-31.98399999999674
85,62,-256.0479999999952
84,63,-174.61100000000442
83,64,-606.9279999999999
82,65,-172.67399999999907
81,66,53.95300000000134
80,67,682.8989999999976
79,68,832.1860000000015
78,69,1095.5930000000008
93,55,969.0500000000029
92,56,415.08899999999994
91,57,521.2580000000016
90,58,-18.42399999999907
89,59,114.54799999999523
88,60,-78.06600000000617
87,61,94.12300000000687
86,62,-106.06699999999546
85,63,-67.48200000000361
84,64,-339.4189999999944
83,65,-206.94700000000012
82,66,-339.3969999999972
81,67,298.83400000000256
80,68,301.002999999997
79,69,1194.9660000000003
93,56,659.3799999999974
92,57,500.0789999999979
91,58,300.0789999999979
90,59,200.62699999999313
89,60,114.46499999999651
88,61,295.596000000005
87,62,4.101999999998952
86,63,-1.3169999999954598
85,64,-337.1729999999952
84,65,71.36100000000442
83,66,-353.99000000000524
82,67,84.14600000000064
81,68,58.379000000000815
94,56,610.2010000000009
93,57,568.8530000000028
92,58,233.13700000000244
91,59,129.49099999999453
90,60,30.04899999999907
89,61,442.6640000000043
88,62,-1.3359999999956926
87,63,227.63099999999395
86,64,-114.05100000000675
85,65,-75.78900000000431
84,66,-169.6180000000022
83,67,34.108000000000175
82,68,-211.32299999999668
94,57,689.6610000000001
93,58,114.94200000000274
92,59,-89.68099999999686
91,60,76.81699999999546
90,61,43.74000000000524
89,62,273.5200000000041
88,63,246.90200000000186
87,64,21.080000000001746
86,65,286.45900000000256
85,66,-102.38800000000629
84,67,237.25400000000081
83,68,-96.29000000000087
82,69,158.38700000000244
81,70,-52.35199999999895
93,59,-208.0699999999997
92,60,-259.66300000000047
91,61,65.53200000000652
90,62,-22.976999999998952
89,63,301.5
88,64,42.695999999996275
87,65,372.6959999999963
86,66,2.036999999996624
85,67,315.3640000000014
84,68,-20.218000000000757
83,69,149.72099999999773
82,70,-390.3859999999986
94,59,-138.48999999999796
93,60,-470.38000000000466
92,61,-318.002999999997
91,62,199.94100000000617
90,63,-57.46600000000035
89,64,117.05599999999686
88,65,316.3899999999994
87,66,166.80299999999988
86,67,427.9259999999995
85,68,123.3179999999993
84,69,407.3899999999994
82,71,-105.46199999999953
95,59,100.39800000000105
94,60,-239.60199999999895
93,61,-396.60199999999895
92,62,-115.56399999999849
91,63,141.63300000000163
90,64,-246.3579999999929
89,65,373.2930000000051
88,66,75.98500000000058
87,67,570.6219999999958
86,68,75.02599999999802
85,69,482.8580000000002
84,70,-12.093000000000757
96,59,24.665000000000873
95,60,-333.7960000000021
94,61,-450.00599999999395
93,62,-191.2060000000056
92,63,-208.33699999999953
91,64,89.70200000000477
90,65,-510.4389999999985
89,66,194.0610000000015
88,67,360.20100000000093
87,68,270.82800000000134
86,69,444.0789999999979
85,70,237.3859999999986
84,71,314.94400000000314
97,59,160.6929999999993
96,60,-162.12999999999738
95,61,-496.8470000000016
94,62,-180.73500000000058
93,63,-262.8439999999973
92,64,-95.33299999999872
91,65,-161.00999999999476
90,66,-319.3859999999986
89,67,341.5969999999943
88,68,28.31699999999546
87,69,575.5829999999987
86,70,44.461999999999534
85,71,340.4499999999971
84,72,-269.51400000000285
98,59,255.19400000000314
97,60,-224.11699999999837
96,61,-427.1160000000018
95,62,-207.653999999995
94,63,-319.13400000000547
93,64,-63.895999999993364
92,65,-213.84799999999814
91,66,-334.6689999999944
90,67,-102.86199999999371
89,68,316.35199999999895
88,69,510.72099999999773
87,70,290.0880000000034
86,71,350.1820000000007
84,73,-5.94800000000032
98,60,124.87700000000041
97,61,-426.1429999999964
96,62,-11.849000000009255
95,63,-300.4609999999957
94,64,-59.96899999999732
93,65,-90.88300000000163
92,66,-217.15200000000186
91,67,-257.39599999999336
90,68,-123.81499999999505
89,69,566.8000000000029
88,70,40.37999999999738
87,71,357.8000000000029
86,72,-102.39899999999761
99,60,85.99300000000221
98,61,-94.35100000000239
97,62,-77.84900000000198
96,63,-183.3859999999986
95,64,-1.8570000000036089
94,65,-142.58199999999488
93,66,-7.220000000001164
92,67,-349.61999999999534
91,68,-191.11999999999534
90,69,169.59599999999773
89,70,306.4830000000002
88,71,251.39100000000326
87,72,187.39400000000023
86,73,130.84300000000076
100,60,365.4850000000006
99,61,-4.639000000002852
98,62,246.82800000000134
97,63,-193.44900000000052
96,64,47.94000000000233
95,65,3.525999999998021
94,66,7.57499999999709
93,67,47.57499999999709
92,68,-424.17600000000675
91,69,208.96300000000338
90,70,6.773000000001048
89,71,280.05799999999726
88,72,-128.74700000000303
87,73,126.30000000000291
86,74,-479.0730000000003
100,61,153.41100000000006
99,62,297.95700000000215
98,63,-41.60100000000239
97,64,13.857999999992899
96,65,-61.778000000005704
95,66,184.50599999999395
94,67,63.70600000000559
93,68,-141.2980000000025
92,69,-248.7149999999965
91,70,115.75200000000041
90,71,47.65099999999802
89,72,124.18299999999726
88,73,121.42500000000291
86,75,-222.8199999999997
100,62,520.9470000000001
99,63,67.05599999999686
98,64,239.27999999999156
97,65,-429.5479999999952
96,66,128.8310000000056
95,67,269.43700000000536
94,68,25.789999999993597
93,69,-137.4820000000036
92,70,-161.16300000000047
91,71,78.2410000000018
90,72,-178.42599999999948
89,73,108.59500000000116
88,74,-309.2169999999969
101,62,380.387999999999
100,63,226.18099999999686
99,64,241.40899999999965
98,65,-35.754000000000815
97,66,69.1420000000071
96,67,141.97299999999814
95,68,362.58699999999953
94,69,-98.41300000000047
93,70,-153.87799999999697
92,71,-161.41500000000087
91,72,40.68000000000029
90,73,-34.633999999998196
89,74,21.561000000001513
88,75,-42.25300000000061
102,62,554.6860000000015
101,63,207.85399999999936
100,64,496.3119999999981
99,65,85.01699999999983
98,66,112.35099999999511
97,67,169.48300000000745
96,68,277.42699999999604
95,69,341.0570000000007
94,70,-302.1710000000021
93,71,7.624000000003434
92,72,-258.35599999999977
91,73,17.19499999999971
90,74,-335.5550000000003
89,75,67.5590000000011
88,76,-514.7230000000018
102,63,270.8969999999972
101,64,354.21800000000076
100,65,251.15099999999802
99,66,187.71100000000297
98,67,-8.016999999999825
97,68,438.64699999998993
96,69,309.9760000000024
95,70,4.6120000000009895
94,71,-402.2479999999996
93,72,-65.51299999999901
92,73,-277.872000000003
91,74,-121.3159999999989
90,75,10.647000000000844
102,64,619.0740000000005
101,65,251.22200000000157
100,66,385.52900000000227
99,67,29.661000000000058
98,68,265.8550000000032
97,69,553.5219999999972
96,70,156.2940000000017
95,71,19.01299999999901
94,72,-358.9890000000014
93,73,-7.779999999998836
92,74,-397.47099999999773
91,75,32.66500000000087
90,76,-321.52600000000166
103,64,484.2679999999964
102,65,356.91799999999785
101,66,338.54899999999907
100,67,100.54099999999744
99,68,200.74399999999878
98,69,256.88300000000163
97,70,460.09999999999854
96,71,-66.28100000000268
95,72,-257.7609999999986
94,73,-321.0639999999985
93,74,-63.211999999999534
91,76,51.13999999999942
90,77,-152.44800000000032
103,65,258.81900000000314
102,66,401.60199999999895
101,67,100.76900000000023
100,68,270.76900000000023
99,69,257.6209999999992
98,70,300.13300000000163
97,71,127.16799999999785
96,72,-310.5570000000007
95,73,-133.91300000000047
94,74,-422.9300000000003
93,75,-124.88900000000285
92,76,-294.994999999999
91,77,13.770000000000437
90,78,-620.0779999999995
103,66,213.98999999999796
102,67,163.98999999999796
101,68,188.83699999999953
100,69,165.34599999999773
99,70,364.47299999999814
98,71,227.47299999999814
97,72,33.1050000000032
96,73,-420.4349999999977
95,74,-217.8660000000018
94,75,-279.247000000003
93,76,7.015999999999622
92,77,-103.41600000000108
103,67,72.48599999999715
102,68,302.48599999999715
101,69,-15.313999999998487
100,70,316.07100000000355
99,71,313.76600000000326
98,72,36.13999999999942
97,73,-267.66999999999825
96,74,-460.80399999999645
95,75,-43.995999999999185
94,76,-255.69200000000274
92,78,-369.2019999999993
104,67,122.17799999999988
103,68,102.17799999999988
102,69,-40.27100000000064
101,70,193.1820000000007
100,71,251.5350000000035
99,72,258.6489999999976
98,73,-340.27900000000227
97,74,-336.09500000000116
96,75,-260.2850000000035
95,76,102.76200000000244
94,77,-62.029999999998836
93,78,73.4310000000005
92,79,-212.30299999999988
104,68,177.42199999999866
103,69,-313.55399999999645
102,70,114.54400000000169
101,71,203.92399999999907
100,72,197.7679999999964
99,73,-129.98300000000017
98,74,-527.1909999999989
97,75,-136.83899999999994
96,76,-213.64100000000326
95,77,160.6270000000004
94,78,-246.66999999999825
93,79,-38.01100000000042
92,80,-671.3610000000001
104,69,-276.06700000000274
103,70,-221.23399999999674
102,71,38.98599999999715
101,72,138.20999999999913
100,73,-16.542999999997846
99,74,-537.387999999999
98,75,-323.8700000000026
97,76,21.75
96,77,-78.45599999999831
95,78,153.24199999999837
94,79,-72.01699999999983
105,69,-434.52100000000064
104,70,-214.52100000000064
103,71,-230.29200000000128
102,72,135.41700000000128
101,73,29.22899999999936
100,74,-517.0930000000008
99,75,-293.1010000000024
98,76,-225.38300000000163
97,77,314.0629999999983
96,78,-127.60800000000017
94,80,-391.0169999999998
106,69,-440.55599999999686
105,70,-455.55599999999686
104,71,-335.6779999999999
103,72,-1.7629999999990105
102,73,-108.65299999999843
101,74,-452.8000000000029
100,75,-438.3119999999981
99,76,-205.36000000000058
98,77,35.4890000000014
97,78,411.3159999999989
96,79,56.31399999999849
95,80,60.55699999999888
107,69,-471.3220000000001
106,70,-321.3220000000001
105,71,-582.3329999999987
104,72,-146.42799999999988
103,73,-125.37900000000081
102,74,-451.6080000000002
101,75,-352.8899999999994
100,76,-231.1840000000011
99,77,168.0769999999975
98,78,-13.918000000001484
97,79,309.03299999999945
96,80,-264.6389999999992
95,81,-195.27200000000005
107,70,-676.4040000000023
106,71,-573.9029999999984
105,72,-410.7450000000026
104,73,-424.7450000000026
103,74,-361.73099999999977
102,75,-269.1750000000029
101,76,-246.44799999999668
100,77,-7.42500000000291
99,78,159.56299999999828
98,79,104.26399999999921
97,80,144.17699999999968
96,81,-480.10300000000007
108,70,-407.13900000000285
107,71,-727.8810000000012
106,72,-355.3660000000018
104,74,-367.0659999999989
103,75,-93.45700000000215
102,76,-144.2430000000022
101,77,115.68600000000151
100,78,22.514000000002852
99,79,436.97100000000137
98,80,-125.34599999999773
96,82,-636.6289999999999
108,71,-429.012999999999
107,72,-373.03600000000006
106,73,-497.4559999999983
105,74,-415.247000000003
104,75,-224.31199999999808
103,76,29.862999999997555
102,77,-51.71899999999732
101,78,71.87300000000323
100,79,251.42799999999988
99,80,357.07600000000093
98,81,-369.6319999999996
97,82,-208.39199999999983
109,71,-396.4760000000024
108,72,-199.4760000000024
107,73,-613.6310000000012
106,74,-406.2430000000022
105,75,-217.3640000000014
104,76,-96.19799999999668
103,77,92.47000000000116
102,78,80.125
101,79,414.35399999999936
100,80,-0.5129999999990105
99,81,49.5619999999999
98,82,-561.069
110,71,132.58600000000297
109,72,-142.95799999999872
108,73,-559.0639999999985
107,74,-473.9449999999997
106,75,-447.4119999999966
105,76,50.03199999999924
104,77,76.96499999999651
103,78,138.50299999999697
102,79,338.8600000000006
101,80,388.8729999999996
100,81,-368.7489999999998
99,82,-160.63099999999986
110,72,350.3640000000014
109,73,-410.6849999999977
108,74,-476.14400000000023
107,75,-426.14400000000023
106,76,-129.10899999999674
105,77,228.3179999999993
104,78,201.58000000000175
103,79,416.02400000000125
102,80,133.1150000000016
101,81,362.78700000000026
100,82,-444.5559999999996
112,71,863.8859999999986
111,72,466.45300000000134
110,73,-73.54699999999866
109,74,-405.66300000000047
108,75,-689.6630000000005
107,76,-163.76000000000204
106,77,57.86200000000099
105,78,436.8029999999999
104,79,358.5119999999988
103,80,395.34500000000116
102,81,-227.2609999999986
101,82,79.99200000000019
112,72,1050.5469999999987
111,73,190.54699999999866
110,74,-85.45300000000134
109,75,-469.81900000000314
108,76,-222.56500000000233
107,77,79.1449999999968
106,78,257.51400000000285
105,79,441.28600000000006
104,80,205.21299999999974
103,81,446.64500000000044
102,82,-271.58599999999933
113,72,1110.1960000000036
112,73,495.6290000000008
111,74,82.12900000000081
110,75,-339.04699999999866
109,76,-85.90800000000309
108,77,-25.557999999997264
107,78,421.85599999999977
106,79,541.8499999999985
105,80,546.3489999999983
104,81,-87.74499999999898
103,82,218.78900000000067
114,72,1385.786
113,73,682.398000000001
112,74,291.39800000000105
111,75,-147.3199999999997
110,76,-100.03199999999924
109,77,257.65000000000146
108,78,285.5529999999999
107,79,605.1440000000002
106,80,210.9409999999989
105,81,467.0600000000013
104,82,-100.89700000000084
103,83,394.50300000000016
102,84,-688.469
114,73,864.4499999999971
113,74,375.9559999999983
112,75,-46.5480000000025
111,76,30.985000000000582
110,77,140.6229999999996
109,78,654.6390000000029
108,79,431.22000000000116
107,80,641.4910000000018
106,81,-94.59200000000055
105,82,263.0450000000001
104,83,16.725000000000364
103,84,-456.192
114,74,602.1200000000026
113,75,143.12000000000262
112,76,-37.300999999999476
111,77,145.04499999999825
110,78,209.02999999999884
109,79,688.6850000000013
108,80,111.64900000000125
107,81,403.5970000000016
106,82,-51.02400000000125
105,83,375.1999999999998
104,84,-484.37800000000004
114,75,280.9029999999984
113,76,193.19799999999668
112,77,-39.65200000000186
111,78,420.59500000000116
110,79,268.0420000000013
109,80,363.6219999999994
108,81,-76.10499999999956
107,82,275.98099999999977
106,83,25.33599999999933
105,84,-171.9960000000001
116,74,961.1679999999978
115,75,476.9850000000006
114,76,92.17500000000291
113,77,236.3859999999986
112,78,-46.504000000000815
111,79,296.4599999999991
110,80,-170.625
109,81,253.7639999999992
108,82,-116.60699999999997
107,83,354.09399999999914
106,84,-302.70799999999963
117,74,1133.8240000000042
116,75,579.5919999999969
115,76,294.7609999999986
114,77,21.17399999999907
113,78,251.66399999999703
112,79,-207.9100000000035
111,80,-31.84899999999834
110,81,-342.95100000000093
109,82,188.75700000000143
108,83,-119.35100000000057
107,84,61.26900000000023
106,85,-286.087
117,75,841.1719999999987
116,76,197.69700000000012
115,77,284.3689999999988
114,78,-98.52500000000146
113,79,-12.184000000004744
112,80,-571.4809999999998
111,81,-172.2489999999998
110,82,-351.84600000000137
109,83,135.46299999999974
108,84,-266.4830000000002
107,85,115.74200000000019
118,75,738.3590000000004
117,76,265.599000000002
116,77,83.69499999999971
115,78,200.32299999999668
114,79,-264.8289999999979
113,80,-322.1650000000009
112,81,-787.2180000000008
111,82,-179.25500000000102
110,83,-264.5630000000001
109,84,-5.30199999999968
108,85,-187.32299999999998
107,86,-327.0799999999999
118,76,294.8239999999969
117,77,188.22399999999834
116,78,-60.10100000000239
115,79,-81.94999999999709
114,80,-573.9520000000011
113,81,-477.4979999999996
112,82,-757.8660000000018
111,83,-173.02000000000044
110,84,-364.6170000000002
109,85,163.51
108,86,-495.3760000000002
119,76,578.4039999999986
118,77,197.6820000000007
117,78,96.12200000000303
116,79,-297.0609999999979
115,80,-303.34200000000055
114,81,-675.2920000000013
113,82,-378.03900000000067
112,83,-685.5669999999991
111,84,-156.65500000000065
110,85,-280.299
109,86,-159.71500000000015
120,76,622.8770000000004
119,77,334.47799999999916
118,78,-64.53800000000047
117,79,-168.71800000000076
116,80,-465.9439999999995
115,81,-426.5980000000018
114,82,-488.2340000000004
113,83,-409.03199999999924
112,84,-648.7309999999998
111,85,-53.17500000000018
110,86,-444.8309999999999
120,77,415.8770000000004
119,78,130.22499999999854
118,79,-359.7510000000002
117,80,-370.23099999999977
116,81,-494.2220000000016
115,82,-155.3849999999984
114,83,-537.1959999999999
113,84,-263.0779999999995
112,85,-395.2550000000001
111,86,-259.63200000000006
110,87,-336.03199999999924
120,78,85.98199999999997
119,79,-320.7930000000015
118,80,-464.3149999999987
117,81,-368.7530000000006
116,82,-197.4429999999993
115,83,-153.85099999999875
114,84,-453.27800000000025
113,85,-108.7470000000003
112,86,-550.3199999999999
111,87,97.69800000000032
122,77,391.46600000000035
121,78,251.29999999999927
120,79,-273.7520000000004
119,80,-466.0659999999989
118,81,-429.39700000000084
117,82,78.26599999999962
116,83,-267.6160000000018
115,84,-118.82899999999972
114,85,-263.3770000000004
113,86,-179.846
112,87,-278.6120000000001
122,78,120.82200000000012
121,79,-260.09400000000096
120,80,-343.2669999999998
119,81,-327.22699999999895
118,82,19.141999999999825
117,83,-60.574000000000524
116,84,-161.6830000000009
115,85,2.105999999999767
114,86,-330.4540000000002
113,87,113.57800000000043
123,78,369.29499999999825
122,79,-220.70500000000175
121,80,-242.52899999999863
120,81,-250.77799999999843
119,82,218.96700000000055
118,83,-139.00600000000122
117,84,48.83399999999892
116,85,-99.44100000000071
115,86,42.587000000000444
114,87,58.572999999999865
113,88,-33.1830000000009
124,78,227.8719999999994
123,79,-262.98199999999997
122,80,-195.3100000000013
121,81,-280.4190000000017
120,82,269.3919999999998
119,83,99.14600000000064
118,84,-51.568999999999505
117,85,214.89400000000023
116,86,-94.5609999999997
115,87,371.538
114,88,-85.10000000000036
124,79,-133.4439999999995
123,80,-109.20300000000134
122,81,-201.3090000000011
121,82,323.5169999999998
120,83,35.10699999999997
119,84,129.1810000000005
118,85,-2.606999999999971
117,86,145.95499999999993
116,87,236.41200000000003
115,88,291.33100000000013
124,80,-80.14800000000105
123,81,-256.0699999999997
122,82,370.1850000000013
121,83,154.07300000000032
120,84,148.95500000000175
119,85,164.7479999999996
118,86,39.88500000000022
117,87,427.308
116,88,171.09699999999975
125,80,-17.71900000000096
124,81,-150.80199999999968
123,82,359.83799999999974
122,83,84.4310000000005
121,84,178.60199999999895
120,85,115.48099999999977
119,86,180.23599999999988
118,87,230.18399999999997
117,88,413.85300000000007
116,89,656.6890000000003
126,80,414.27200000000084
125,81,-393.2930000000015
124,82,454.4939999999988
123,83,101.79899999999907
122,84,201.33199999999852
121,85,200.61199999999917
120,86,147.08200000000033
119,87,503.1410000000001
118,88,215.61299999999983
117,89,844.7540000000008
127,80,172.5540000000001
126,81,25.563999999998487
125,82,88.03199999999924
124,83,135.4459999999999
123,84,184.29999999999927
122,85,92.51800000000003
121,86,175.2579999999998
120,87,310.9789999999998
119,88,383.98799999999983
118,89,606.2279999999992
128,80,154.59200000000055
127,81,-30.120999999999185
126,82,541.4809999999998
125,83,-40.15100000000166
124,84,260.7930000000015
123,85,110.09900000000016
122,86,164.6110000000008
121,87,345.0720000000001
120,88,337.93399999999997
119,89,750.8539999999994
118,90,518.0409999999993
128,81,-214.79299999999967
127,82,255.42599999999948
126,83,251.41100000000006
125,84,-66.01499999999942
124,85,66.22700000000077
123,86,108.95099999999911
122,87,237.85599999999977
121,88,308.24
120,89,604.8870000000006
129,81,-236.99599999999919
128,82,201.5709999999999
127,83,-201.90500000000065
126,84,356.9399999999987
125,85,-132.09900000000016
124,86,135.2360000000008
123,87,226.4920000000002
122,88,232.839
121,89,684.0789999999997
120,90,539.5210000000006
130,81,-467.9989999999998
129,82,116.98799999999937
128,83,-109.11599999999999
127,84,47.50799999999981
126,85,162.8089999999993
125,86,-165.32999999999993
124,87,109.6859999999997
123,88,151.87
122,89,413.4849999999997
121,90,526.3960000000006
120,91,962.2259999999987
130,82,221.0709999999999
129,83,-127.94300000000021
128,84,-229.40799999999945
127,85,-178.14899999999943
126,86,220.78100000000086
125,87,-105.99800000000005
124,88,121.237
123,89,409.60000000000036
122,90,420.8860000000004
121,91,986.523000000001
132,81,-616.1890000000001
131,82,156.40200000000004
130,83,68.32899999999972
129,84,-143.51900000000023
128,85,-369.52199999999993
127,86,-75.94899999999961
126,87,115.80099999999993
125,88,-204.44299999999998
124,89,251.02900000000045
123,90,280.1080000000002
122,91,734.1939999999995
132,82,166.981
131,83,249.22000000000003
130,84,-89.97199999999975
129,85,-259.15099999999984
128,86,-459.66399999999976
127,87,-98.327
126,88,112.74
125,89,-16.728000000000065
124,90,154.9320000000007
123,91,689.8950000000004
133,82,122.24499999999989
132,83,209.27199999999993
131,84,118.22900000000004
130,85,-106.58300000000008
129,86,-288.99
128,87,-471.863
127,88,-148.0050000000001
126,89,140.55000000000018
125,90,-198.5660000000007
124,91,354.53700000000026
123,92,459.3120000000017
133,83,433.9880000000003
132,84,132.336
131,85,216.67799999999988
130,86,-296.688
129,87,-308.97800000000007
128,88,-588.5340000000001
127,89,-10.264000000000124
126,90,48.53700000000026
125,91,93.79899999999907
124,92,256.4290000000001
134,83,219.96299999999974
133,84,323.4520000000002
132,85,184.59799999999996
131,86,48.5659999999998
130,87,-245.33700000000044
129,88,-410.46399999999994
128,89,-537.6790000000001
127,90,-204.21999999999935
126,91,194.7479999999996
135,83,516.0380000000005
134,84,286.65200000000004
133,85,520.2179999999998
132,86,-22.587000000000444
131,87,-40.5600000000004
130,88,-414.4440000000004
129,89,-409.15500000000065
128,90,-683.2530000000006
127,91,49.5679999999993
126,92,-25.345000000001164
135,84,511.3610000000008
134,85,426.02100000000064
133,86,329.33699999999953
132,87,16.939000000000306
131,88,-66.14700000000084
130,89,-290.4470000000001
129,90,-597.2199999999993
128,91,-536.7769999999982
127,92,-254.04699999999866
126,93,216.95100000000093
136,84,373.46199999999953
135,85,845.7479999999996
134,86,261.9940000000006
133,87,152.33200000000033
132,88,-177.90899999999965
131,89,-26.2450000000008
130,90,-480.46199999999953
129,91,-551.6029999999992
127,93,25.022000000000844
137,84,583.7570000000014
136,85,632.7290000000012
135,86,661.3539999999994
134,87,217.2510000000002
133,88,-96.12299999999959
132,89,-78.95199999999932
131,90,-10.074000000000524
130,91,-405.0629999999983
129,92,-880.0040000000008
138,84,346.26800000000003
137,85,1043.0279999999984
136,86,471.95700000000033
135,87,368.10299999999734
134,88,40.20499999999993
133,89,-108.20300000000134
132,90,-86.96099999999933
131,91,-15.638999999999214
130,92,-637.1660000000011
129,93,-495.3590000000004
138,85,658.0080000000016
137,86,809.7380000000012
136,87,402.32900000000154
135,88,103.24499999999898
134,89,-4.944999999999709
133,90,85.40199999999822
132,91,47.6140000000014
131,92,-34.72200000000157
130,93,-681.4170000000013
139,85,961.018
138,86,535.0980000000018
137,87,598.6140000000014
136,88,235.83199999999852
135,89,64.14800000000105
134,90,105.58099999999831
133,91,52.35099999999875
132,92,-67.31000000000131
131,93,-17.75199999999677
139,86,714.143
138,87,430.60199999999895
137,88,323.0440000000017
136,89,107.30500000000029
135,90,170.1929999999993
134,91,76.63999999999942
133,92,152.0010000000002
132,93,-21.901999999998225
140,86,347.1939999999995
139,87,730.5390000000007
138,88,277.57600000000093
137,89,199.20100000000093
136,90,197.64900000000125
135,91,-16.400000000001455
134,92,118.79699999999866
133,93,226.87699999999677
141,86,335.83500000000276
140,87,402.4449999999997
139,88,457.46399999999994
138,89,109.51499999999942
137,90,304.7589999999982
136,91,30.370999999999185
135,92,165.03399999999965
134,93,119.01800000000003
142,86,-136.53399999999965
141,87,464.22099999999773
140,88,230.1939999999995
139,89,324.65399999999863
138,90,140.89900000000125
137,91,103.59899999999834
136,92,70.0010000000002
134,94,-142.1909999999989
143,86,-417.59999999999854
142,87,-31.747000000003027
141,88,261.9630000000034
140,89,209.9360000000015
139,90,195.51699999999983
138,91,36.848000000001775
137,92,130.61999999999898
136,93,-18.622000000003027
135,94,44.92399999999907
134,95,-179.58600000000297
143,87,-103.23099999999977
142,88,-43.69400000000314
141,89,268.3859999999986
140,90,52.51199999999881
139,91,33.543000000001484
138,92,-24.983000000000175
137,93,-63.38500000000204
136,94,-127.83000000000175
144,87,-549.4250000000029
143,88,-183.51200000000244
142,89,-7.146999999997206
141,90,-24.188999999998487
140,91,-45.661999999996624
139,92,-44.0480000000025
138,93,-136.3139999999985
137,94,-131.4230000000025
145,87,-707.1659999999974
144,88,-453.04499999999825
143,89,34.4230000000025
142,90,-93.29000000000087
141,91,-83.45100000000093
140,92,-100.55500000000029
138,94,-89.08499999999913
146,87,-1189.9479999999967
145,88,-725.9380000000019
144,89,-301.9630000000034
143,90,-118.35800000000017
142,91,-170.5899999999965
141,92,-280.88900000000285
140,93,-331.4689999999973
139,94,-68.16399999999703
137,96,-296.6600000000035
146,88,-959.3709999999992
145,89,-398.8050000000003
144,90,-237.04200000000128
143,91,-161.12999999999738
142,92,-215.04099999999744
141,93,-365.19400000000314
140,94,-90.01400000000285
138,96,-337.58899999999994
146,89,-672.8399999999965
145,90,-432.2459999999992
144,91,-151.09900000000198
143,92,-231.21800000000076
142,93,-356.9559999999983
141,94,-227.65400000000227
140,95,-295.39800000000105
147,89,-709.0020000000004
146,90,-494.79699999999866
145,91,-226.04499999999825
144,92,-175.41799999999785
143,93,-351.9060000000027
142,94,-138.49199999999837
140,96,-147.1800000000003
147,90,-674.9029999999984
146,91,-292.37599999999657
145,92,-309.86699999999837
144,93,-268.400999999998
143,94,-228.33800000000338
141,96,-212.84900000000198
139,98,-191.74500000000262
147,91,-335.95700000000215
146,92,-182.2679999999964
145,93,-315.4029999999984
144,94,-106.85199999999895
143,95,-428.5789999999979
142,96,-134.79699999999866
147,92,-297.33200000000215
146,93,-198.99500000000262
145,94,-271.77999999999884
144,95,-339.6399999999994
143,96,-213.03800000000047
148,92,-264.502999999997
147,93,-123.77100000000064
146,94,-14.680999999996857
145,95,-369.8899999999994
144,96,-95.77799999999843
142,98,-11.281000000002678
148,93,-184.88500000000204
147,94,-84.88500000000204
146,95,-175.66500000000087
145,96,-218.2300000000032
149,93,-323.12400000000343
148,94,66.87599999999657
147,95,-101.98599999999715
146,96,93.69900000000052
144,98,126.98200000000361
149,94,-115.43899999999849
148,95,35.00499999999738
147,96,41.93600000000151
146,97,49.629000000000815
150,94,-3.9789999999993597
149,95,-40.86499999999796
148,96,181.83499999999913
147,97,73.82499999999709
146,98,278.09599999999773
151,94,-171.8269999999975
150,95,60.41700000000128
149,96,-25.476000000002387
148,97,83.77599999999802
147,98,215.15099999999802
152,94,-225.2280000000028
150,96,116.91199999999662
149,97,-93.08800000000338
148,98,260.2280000000028
147,99,168.80199999999604
146,100,571.1870000000054
151,96,-56.8949999999968
150,97,-20.479000000006636
149,98,-30.6079999999929
148,99,308.3929999999964
152,96,-17.25199999999313
151,97,-38.947000000000116
150,98,77.95100000000093
148,100,547.7930000000051
153,96,-69.30400000000373
152,97,-113.66700000000128
151,98,-77.2670000000071
149,100,309.1429999999964
148,101,440.9520000000048
154,96,9.588000000003376
153,97,-7.994000000006054
152,98,-9.664000000004307
150,100,292.1929999999993
149,101,179.13999999999942
155,96,-82.01900000000023
154,97,127.98099999999977
153,98,-25.019000000000233
152,99,-208.45299999999406
151,100,-31.19199999999546
150,101,226.74899999999616
154,98,154.61000000000058
153,99,4.610000000000582
152,100,-113.38899999999558
151,101,-92.88199999999779
150,102,511.36999999999534
155,98,91.56200000000536
154,99,10.486000000004424
153,100,-144.45100000000093
151,102,208.69599999999627
150,103,223.471000000005
156,98,61.395000000004075
155,99,84.15099999999802
154,100,122.52099999999336
152,102,63.312000000005355
151,103,-54.112999999997555
156,99,119.23699999999371
155,100,110.46499999999651
154,101,-47.93099999999686
153,102,11.93399999999383
152,103,-222.69500000000698
156,100,144.7960000000021
154,102,153.0460000000021
153,103,-183.3969999999972
152,104,-128.00800000000163
157,100,0.13700000000244472
156,101,-37.528000000005704
155,102,77.06399999999849
153,104,-223.61100000000442
152,105,-675.7149999999965
157,101,-189.64999999999418
154,104,-195.66199999999662
153,105,-682.2970000000059
157,102,29.380999999993946
154,105,-618.9790000000066
154,106,-622.5050000000047
157,104,428.2329999999929
155,106,-274.9959999999992
154,107,-520.5899999999965
156,106,299.0720000000001
155,107,-97.88099999999395
156,108,793.1649999999936
157,108,1130.2449999999953
158,108,1689.675000000003
157,109,1352.6809999999969
159,110,2814.671000000002
160,110,3061.5840000000026
