0,8,8,412.99783
1,9,8,681.23579
2,8,9,1001.701
3,10,8,2027.18366
4,9,9,-636.888
5,8,10,2217.617
6,11,8,1182.858
7,10,9,702.55488
8,9,10,882.054
9,8,11,1459.384
10,12,8,1606.172
11,11,9,-217.463
12,10,10,168.06783
13,9,11,230.489
14,8,12,1917.694
15,13,8,-27.966
16,12,9,442.395
17,11,10,-441.776
18,10,11,-124.857
19,9,12,983.851
20,14,8,-636.968
21,13,9,-136.624
22,12,10,205.284
23,11,11,-1211.391
24,10,12,560.014
25,15,8,-2598.629
26,14,9,-614.737
27,13,10,-284.045
28,12,11,-709.85352
29,11,12,-503.675
30,10,13,178.071
31,16,8,-2979.596
32,15,9,-1525.484
33,14,10,768.358
34,13,11,-1107.901
35,12,12,-873.578
36,11,13,-418.812
37,10,14,1315.186
38,17,8,-3280.97
39,16,9,-1555.833
40,15,10,-375.503
41,14,11,-597.814
42,13,12,-962.782
43,12,13,-815.974
44,11,14,877.322
45,18,8,-1528.959
46,17,9,-1335.345
47,16,10,701.114
48,15,11,-1020.78
49,14,12,5.456
50,13,13,-1200.139
51,12,14,68.997
52,18,9,-106.522
53,17,10,330.91
54,16,11,-547.791
55,15,12,-1586.594
56,14,13,-1386.864
57,13,14,-854.505
58,12,15,-889.032
59,19,9,343.796
60,18,10,1679.738
61,17,11,-428.315
62,16,12,-929.946
63,15,13,-1210.719
64,14,14,-1812.79711
65,13,15,-587.856
66,12,16,-196.797
67,20,9,940.19
68,19,10,869.803
69,18,11,999.994
70,17,12,-452.36
71,16,13,-1217.762
72,15,14,-2885.08154
73,14,15,-2462.849
74,13,16,-494.423
75,20,10,1410.12
76,19,11,784.67
77,18,12,538.627
78,17,13,-1744.116
79,16,14,-1532.962
80,15,15,-1950.856
81,14,16,-899.254
82,13,17,-195.452
83,21,10,1121.594
84,20,11,496.031
85,19,12,1017.848
86,18,13,79.291
87,17,14,-1659.037
88,16,15,-1380.54442
89,15,16,-1722.531
90,14,17,-984.552
91,21,11,200.152
92,20,12,1061.099
93,19,13,-249.368
94,18,14,-1127.689
95,17,15,-2044.876
96,16,16,-945.53714
97,15,17,-1264.706
98,14,18,-290.352
99,22,11,290.113
100,21,12,242.873
101,20,13,742.618
102,19,14,-844.328
103,18,15,-1677.35
104,17,16,-1365.8583
105,16,17,-1093.34
106,15,18,-904.295
107,23,11,780.114
108,22,12,213.324
109,21,13,982.381
110,20,14,-361.684
111,19,15,-1508.702
112,18,16,-1001.689
113,17,17,-1630.086
114,16,18,-468.293
115,23,12,409.786
116,22,13,886.27
117,21,14,518.52
118,20,15,-1337.809
119,19,16,-866.21
120,18,17,-1043.532
121,17,18,-937.289
122,16,19,-162.893
123,24,12,820.159
124,23,13,1090.384
125,22,14,1103.875
126,21,15,18.955
127,20,16,-534.141
128,19,17,-1052.008
129,18,18,-661.542
130,17,19,-347.182
131,16,20,258.834
132,25,12,321.478
133,24,13,1039.564
134,23,14,668.488
135,22,15,53.988
136,21,16,353.574
137,20,17,-651.552
138,19,18,112.321
139,18,19,259.799
140,17,20,3.93
141,24,14,1019.701
142,23,15,78.435
143,22,16,738.784
144,21,17,51.884
145,20,18,425.173
146,19,19,-390.76
147,18,20,601.497
148,25,14,1090.352
149,24,15,75.364
150,23,16,437.328
151,22,17,909.782
152,21,18,1137.805
153,20,19,122.80465
154,19,20,137.293
155,18,21,1017.274
156,26,14,816.876
157,25,15,-139.189
158,24,16,442.15
159,23,17,222.182
160,22,18,1860.10003
161,21,19,1014.503
162,20,20,573.598
163,19,21,856.647
164,18,22,1726.561
165,26,15,130.233
166,25,16,-208.58
167,24,17,992.808
168,23,18,1472.49
169,22,19,1920.4512
170,21,20,1202.092
171,20,21,947.64
172,19,22,1532.461
173,27,15,161.842
174,26,16,-147.748
175,25,17,248.23
176,24,18,1887.322
177,23,19,1777.969
178,22,20,2342.707
179,21,21,688.997
180,20,22,1855.647
181,27,16,-115.461
182,26,17,-189.51
183,25,18,840.189
184,24,19,1914.606
185,23,20,2151.127
186,22,21,2251.85
187,21,22,1874.409
188,20,23,1563.642
189,28,16,215.764
190,27,17,-748.973
191,26,18,676.74
192,25,19,1228.502
193,24,20,2321.27
194,23,21,1913.965
195,22,22,1431.414
196,21,23,1501.921
197,20,24,1618.101
198,28,17,-402.544
199,27,18,79.199
200,26,19,1174.357
201,25,20,1837.77
202,24,21,2357.679
203,23,22,1639.734
204,22,23,1563.559
205,21,24,1645.199
206,29,17,-1174.949
207,28,18,-721.255
208,27,19,-193.929
209,26,20,1720.39
210,25,21,1628.357
211,24,22,1091.731
212,23,23,-285.897
213,22,24,928.43
214,21,25,1202.252
215,29,18,-1567.274
216,28,19,-641.982
217,27,20,325.335
218,26,21,1703.158
219,25,22,1482.388
220,24,23,912.93
221,23,24,596.907
222,22,25,1113.624
223,30,18,-1364.927
224,29,19,-1134.482
225,28,20,-514.868
226,27,21,645.917
227,26,22,1647.048
228,25,23,401.995
229,24,24,468.687
230,23,25,113.356
231,22,26,1281.425
232,30,19,-1151.496
233,29,20,-1380.003
234,28,21,-142.447
235,27,22,1105.988
236,26,23,1077.843
237,25,24,217.648
238,24,25,290.075
239,23,26,729.27
240,31,19,-2577.853
241,30,20,-1059.23
242,29,21,-677.12
243,28,22,808.133
244,27,23,716.76
245,26,24,718.636
246,25,25,-466.886
247,24,26,573.54
248,23,27,790.597
249,32,19,-2995.457
250,31,20,-2972.31
251,30,21,-480.353
252,29,22,157.035
253,28,23,696.895
254,27,24,809.285
255,26,25,26.775
256,25,26,-179.185
257,24,27,1067.854
258,33,19,-3557.628
259,32,20,-3266.272
260,31,21,-1713.56
261,30,22,622.302
262,29,23,376.968
263,28,24,1050.492
264,27,25,108.613
265,26,26,347.905
266,25,27,296.021
267,24,28,1080.144
268,34,19,-2535.722
269,33,20,-4567.707
270,32,21,-2259.555
271,31,22,-451.433
272,30,23,128.325
273,29,24,412.382
274,28,25,769.65
275,27,26,362.517
276,26,27,680.624
277,25,28,719.173
278,34,20,-3040.587
279,33,21,-2987.934
280,32,22,-223.812
281,31,23,-458.267
282,30,24,-105.379
283,29,25,151.753
284,28,26,855.385
285,27,27,9.932
286,26,28,961.688
287,35,20,-2940.375
288,34,21,-1882.108
289,33,22,-1242.469
290,32,23,-665.136
291,31,24,-570.324
292,30,25,-472.542
293,29,26,298.578
294,28,27,340.004
295,27,28,324.039
296,26,29,274.597
297,36,20,-1380.39
298,35,21,-1885.848
299,34,22,-562.995
300,33,23,-1103.401
301,32,24,144.872
302,31,25,-271.666
303,30,26,-77.163
304,29,27,119.482
305,28,28,132.351
306,27,29,-189.733
307,36,21,-1139.653
308,35,22,-601.848
309,34,23,-655.063
310,33,24,-184.985
311,32,25,-216.279
312,31,26,-702.017
313,30,27,-45.658
314,29,28,-103.961
315,28,29,-369.014
316,37,21,-1059.569
317,36,22,812.332
318,35,23,-460.584
319,34,24,68.192
320,33,25,-457.568
321,32,26,-375.271
322,31,27,-157.292
323,30,28,261.129
324,29,29,-967.851
325,28,30,61.129
326,38,21,-179.55
327,36,23,319.383
328,35,24,4.069
329,34,25,-205.328
330,33,26,-584.957
331,32,27,-559.838
332,31,28,-86.833
333,30,29,-638.454
334,29,30,-705.678
335,38,22,1280.302
336,37,23,172.598
337,36,24,301.5
338,35,25,-497.946
339,34,26,-233.174
340,33,27,-700.437
341,32,28,-143.243
342,31,29,-885.262
343,30,30,-1034.47
344,38,23,552.879
345,37,24,213.498
346,36,25,27.87
347,35,26,-280.503
348,34,27,-578.179
349,33,28,-682.029
350,32,29,-1234.063
351,31,30,-1118.906
352,30,31,-1234.662
353,39,23,516.836
354,38,24,347.389
355,37,25,-323.965
356,36,26,141.943
357,35,27,-294.399
358,34,28,-796.44
359,33,29,-1207.543
360,32,30,-1368.088
361,31,31,-1937.022
362,40,23,889.859
363,39,24,291.701
364,38,25,102.939
365,37,26,124.371
366,36,27,-111.553
367,35,28,-582.891
368,34,29,-1299.868
369,33,30,-763.429
370,32,31,-1067.1
371,31,32,-931.221
372,40,24,710.022
373,39,25,220.96
374,38,26,660.448
375,37,27,-112.442
376,36,28,-249.034
377,35,29,-954.418
378,34,30,-1294.018
379,33,31,-1062.827
380,32,32,-1235.503
381,40,25,322.656
382,39,26,722.098
383,38,27,464.795
384,37,28,-85.796
385,36,29,-803.677
386,35,30,-872.024
387,34,31,-917.486
388,33,32,-958.223
389,32,33,-1037.056
390,41,25,-140.392
391,40,26,1002.153
392,39,27,491.459
393,38,28,-96.293
394,37,29,-588.289
395,36,30,-759.229
396,35,31,-583.729
397,34,32,-927.041
398,33,33,-2015.084
399,41,26,831.584
400,40,27,868.217
401,39,28,-252.688
402,38,29,-409.553
403,37,30,-400.376
404,36,31,-689.156
405,35,32,-373.718
406,34,33,-767.232
407,33,34,-740.294
408,41,27,1027.409
409,40,28,336.178
410,39,29,-137.043
411,38,30,-207.154
412,37,31,-536.054
413,36,32,-398.799
414,35,33,-334.527
415,34,34,-999.449
416,42,27,944.553
417,41,28,471.344
418,40,29,83.779
419,39,30,192.094
420,38,31,-447.82
421,37,32,-160.674
422,36,33,-202.181
423,35,34,-234.714
424,34,35,-109.478
425,43,27,845.037
426,42,28,856.132
427,41,29,523.619
428,40,30,485.252
429,39,31,-370.15
430,38,32,-382.036
431,37,33,86.027
432,36,34,-319.9
433,35,35,-895.627
434,44,27,1010.07
435,43,28,773.764
436,42,29,548.866
437,41,30,691.214
438,40,31,190.873
439,39,32,393.343
440,38,33,-63.257
441,37,34,93.485
442,36,35,137.574
443,35,36,-107.211
444,44,28,893.932
445,43,29,616.994
446,42,30,584.505
447,41,31,441.716
448,40,32,274.09
449,39,33,320.192
450,38,34,-178.189
451,37,35,208.25
452,36,36,-180.582
453,45,28,831.841
454,44,29,552.555
455,43,30,236.589
456,42,31,200.657
457,41,32,582.468
458,40,33,457.243
459,39,34,382.604
460,38,35,114.213
461,37,36,208.242
462,36,37,178.389
463,45,29,103.787
464,44,30,143.28
465,43,31,-99.626
466,42,32,297.549
467,41,33,709.936
468,40,34,96.79
469,39,35,371.839
470,38,36,48.156
471,37,37,-1056.016
472,46,29,229.781
473,45,30,371.084
474,44,31,-130.639
475,43,32,273.027
476,42,33,535.797
477,41,34,480.511
478,40,35,332.98
479,39,36,306.368
480,38,37,211.298
481,37,38,-8.702
482,47,29,128.373
483,46,30,86.976
484,45,31,-146.648
485,44,32,-172.898
486,43,33,708.616
487,42,34,348.041
488,41,35,330.922
489,40,36,146.294
490,39,37,170.911
491,38,38,322.355
492,48,29,437.172
493,47,30,250.797
494,46,31,-122.352
495,45,32,-132.87
496,44,33,13.666
497,43,34,680.503
498,42,35,555.182
499,41,36,310.549
500,40,37,569.5
501,39,38,256.557
502,49,29,580.526
503,48,30,316.758
504,47,31,-374.085
505,46,32,-92.058
506,45,33,43.03
507,44,34,74.048
508,43,35,897.832
509,42,36,111.717
510,41,37,514.573
511,40,38,546.051
512,50,29,341.961
513,49,30,677.698
514,48,31,-78.355
515,47,32,-207.18
516,46,33,163.919
517,45,34,302.534
518,44,35,261.933
519,43,36,577.71
520,42,37,507.222
521,41,38,410.336
522,40,39,407.065
523,50,30,751.381
524,49,31,336.325
525,48,32,-195.314
526,47,33,25.399
527,46,34,270.513
528,45,35,590.975
529,44,36,386.545
530,43,37,524.524
531,42,38,78.533
532,41,39,41.838
533,51,30,230.331
534,50,31,332.038
535,49,32,-1.695
536,48,33,-103.314
537,47,34,290.981
538,46,35,482.949
539,45,36,653.801
540,44,37,723.296
541,43,38,161.866
542,42,39,247.081
543,41,40,105.582
544,52,30,16.04
545,51,31,-150.725
546,50,32,264.925
547,49,33,154.573
548,48,34,166.105
549,47,35,411.323
550,46,36,618.20491
551,45,37,1112.187
552,44,38,219.938
553,43,39,75.903
554,42,40,-384.063
555,52,31,-367.129
556,51,32,-496.442
557,50,33,-149.331
558,49,34,339.457
559,48,35,256.279
560,47,36,829.357
561,46,37,1219.361
562,45,38,652.384
563,44,39,464.328
564,43,40,18.341
565,42,41,-402.91
566,53,31,-884.136
567,52,32,-458.435
568,51,33,-473.568
569,50,34,-147.731
570,49,35,346.906
571,48,36,700.65473
572,47,37,951.025
573,46,38,820.42
574,45,39,855.561
575,44,40,-51.692
576,43,41,-233.842
577,54,31,-814.059
578,53,32,-1213.427
579,52,33,-429.152
580,51,34,-703.645
581,50,35,-15.478
582,49,36,609.659
583,48,37,952.65935
584,47,38,1076.71
585,46,39,1117.869
586,45,40,404.804
587,44,41,280.316
588,43,42,-69.76
589,54,32,-339.927
590,53,33,-1152.15
591,52,34,-593.175
592,51,35,-232.261
593,50,36,164.32407
594,49,37,202.997
595,48,38,1026.90023
596,47,39,1176.9
597,46,40,680.977
598,45,41,385.939
599,44,42,-200.927
600,54,33,-1007.914
601,53,34,-1346.133
602,52,35,-351.685
603,51,36,-309.531
604,50,37,-167.802
605,49,38,599.92357
606,48,39,1041.613
607,47,40,992.853
608,46,41,725.507
609,45,42,155.183
610,44,43,99.948
611,54,34,-1194.203
612,53,35,-1355.967
613,52,36,-451.295
614,51,37,-399.004
615,50,38,-31.62876
616,49,39,500.971
617,48,40,1131.126
618,47,41,938.445
619,46,42,253.447
620,45,43,-130.301
621,55,34,-1012.398
622,54,35,-1544.271
623,53,36,-1415.795
624,52,37,-542.399
625,51,38,-479.026
626,50,39,-311.202
627,49,40,902.026
628,48,41,1074.245
629,47,42,615.056
630,46,43,325.143
631,45,44,-939.424
632,56,34,-530.223
633,55,35,-1110.306
634,54,36,-1579.259
635,53,37,-1555.573
636,52,38,-430.945
637,51,39,-466.912
638,50,40,377.453
639,49,41,818.469
640,48,42,877.486
641,47,43,445.304
642,46,44,-23.801
643,57,34,-790.13
644,56,35,-787.301
645,55,36,-1443.974
646,54,37,-1535.049
647,53,38,-1241.95
648,52,39,-391.321
649,51,40,24.408
650,50,41,451.972
651,49,42,791.166
652,48,43,783.343
653,47,44,290.167
654,57,35,-622.812
655,56,36,-1039.329
656,55,37,-1852.45
657,54,38,-1507.371
658,53,39,-1186.494
659,52,40,230.976
660,51,41,136.71
661,50,42,651.413
662,49,43,604.297
663,48,44,668.789
664,47,45,-129.095
665,46,46,-329.095
666,58,35,-330.235
667,57,36,-946.002
668,56,37,-1289.9
669,55,38,-2005.844
670,54,39,-1627.155
671,53,40,-662.028
672,52,41,357.16
673,51,42,412.921
674,50,43,543.884
675,49,44,663.277
676,48,45,598.19
677,47,46,88.19
678,58,36,-497.78
679,57,37,-942.791
680,56,38,-1635.721
681,55,39,-2301.473
682,54,40,-1189.332
683,53,41,-249.063
684,52,42,525.921
685,51,43,421.668
686,50,44,696.398
687,49,45,402.377
688,48,46,387.719
689,59,36,101.08
690,58,37,-210.307
691,57,38,-1437.284
692,56,39,-1807.937
693,55,40,-1789.94
694,54,41,-626.272
695,53,42,-31.872
696,52,43,448.645
697,51,44,462.241
698,50,45,529.384
699,49,46,384.087
700,60,36,688.318
701,59,37,565.649
702,58,38,-358.248
703,57,39,-1679.986
704,56,40,-1528.86
705,55,41,-1112.83
706,54,42,-434.889
707,53,43,-371.648
708,52,44,509.615
709,51,45,412.268
710,50,46,546.58
711,49,47,278.355
712,61,36,1216.501
713,60,37,1020.855
714,59,38,329.326
715,58,39,-435.455
716,57,40,-1846.693
717,56,41,-1032.797
718,55,42,-624.7
719,54,43,-264.436
720,53,44,-420.564
721,52,45,362.436
722,51,46,424.148
723,50,47,445.973
724,49,48,-34.027
725,61,37,880.848
726,60,38,997.611
727,59,39,481.252
728,58,40,-561.757
729,57,41,-934.612
730,56,42,-475.98
731,55,43,-132.214
732,54,44,-564.871
733,53,45,-115.219
734,52,46,469.015
735,51,47,483.575
736,50,48,413.575
737,62,37,1088.85
738,61,38,641.473
739,60,39,766.27
740,59,40,233.33
741,58,41,74.656
742,57,42,-360.106
743,56,43,-167.869
744,55,44,-625.385
745,54,45,-474.522
746,53,46,-302.861
747,52,47,427.517
748,51,48,538.868
749,63,37,1014.116
750,62,38,1102.495
751,61,39,568.759
752,60,40,867.264
753,59,41,28.754
754,58,42,-253.029
755,57,43,-220.951
756,56,44,-227.391
757,55,45,-381.13
758,54,46,-502.672
759,53,47,122.031
760,52,48,705.405
761,51,49,961.854
762,50,50,351.854
763,64,37,1222.583
764,63,38,805.086
765,62,39,755.213
766,61,40,729.013
767,60,41,508.512
768,59,42,190.048
769,58,43,-64.593
770,57,44,-308.113
771,56,45,-32.428
772,55,46,-522.145
773,54,47,-114.384
774,53,48,113.534
775,52,49,1185.099
776,51,50,404.376
777,65,37,1277.688
778,64,38,1170.689
779,63,39,567.359
780,62,40,948.573
781,61,41,531.735
782,60,42,219.134
783,59,43,37.079
784,58,44,-416.435
785,57,45,126.684
786,56,46,-552.963
787,55,47,-126.702
788,54,48,-179.702
789,53,49,1015.104
790,52,50,1135.104
791,64,39,632.966
792,63,40,771.007
793,62,41,561.333
794,61,42,275.669
795,60,43,36.08
796,59,44,-147.168
797,58,45,38.295
798,57,46,-486.98
799,56,47,-222.702
800,55,48,-211.626
801,54,49,737.603
802,64,40,942.34
803,63,41,549.003
804,62,42,346.252
805,61,43,121.031
806,60,44,-265.763
807,59,45,-139.344
808,58,46,-215.123
809,57,47,-216.47
810,56,48,-368.391
811,55,49,647.325
812,54,50,912.943
813,52,52,-266.831
814,65,40,821.726
815,64,41,564.453
816,63,42,19.212
817,62,43,-76.303
818,61,44,5.457
819,60,45,-211.27
820,59,46,-187.905
821,58,47,-210.848
822,57,48,-263.849
823,56,49,399.418
824,55,50,801.999
825,54,51,-165.491
826,53,52,-581.509
827,65,41,437.322
828,64,42,101.997
829,63,43,13.747
830,62,44,-183.253
831,61,45,-42.656
832,60,46,-257.543
833,59,47,-302.399
834,58,48,-402.153
835,57,49,501.85
836,56,50,616.302
837,55,51,-193.301
838,54,52,-689.759
839,66,41,646.195
840,65,42,115.025
841,64,43,110.033
842,63,44,-52.565
843,62,45,-123.711
844,61,46,-282.654
845,60,47,-336.7
846,59,48,-280.325
847,58,49,223.333
848,57,50,517.761
849,56,51,-303.248
850,67,41,834.802
851,66,42,370.703
852,65,43,107.169
853,64,44,-71.404
854,63,45,-31.156
855,62,46,-364.215
856,61,47,-16.792
857,60,48,-412.423
858,59,49,340.172
859,58,50,130.051
860,57,51,-145.341
861,56,52,-691.676
862,54,54,-1482.357
863,68,41,1100.2
864,67,42,450.715
865,66,43,317.172
866,65,44,41.545
867,64,45,-39.251
868,63,46,-66.484
869,62,47,-119.431
870,61,48,-224.33
871,60,49,110.474
872,59,50,249.82
873,58,51,-400.986
874,57,52,-545.399
875,56,53,-692.505
876,55,54,-1209.546
877,69,41,1090.086
878,68,42,804.186
879,67,43,135.436
880,66,44,27.371
881,65,45,51.307
882,64,46,-160.904
883,63,47,2.694
884,62,48,-377.969
885,61,49,170.031
886,60,50,28.007
887,59,51,-109.745
888,58,52,-709.821
889,57,53,-687.844
890,56,54,-1052.636
891,69,42,1000.187
892,68,43,165.325
893,67,44,94.675
894,66,45,-73.871
895,65,46,84.114
896,64,47,-55.447
897,63,48,-352.247
898,62,49,-12.05
899,61,50,151.419
900,60,51,-446.747
901,59,52,-567.487
902,58,53,-613.795
903,69,43,321.068
904,68,44,-10.873
905,67,45,18.948
906,66,46,-141.039
907,65,47,66.271
908,64,48,-374.857
909,63,49,-30.127
910,62,50,-35.049
911,61,51,-288.973
912,60,52,-747.518
913,59,53,-123.339
914,58,54,-566.348
915,70,43,428.451
916,69,44,232.184
917,68,45,-96.944
918,67,46,189.5
919,66,47,-76.825
920,65,48,-303.286
921,64,49,62.877
922,63,50,-18.129
923,62,51,-456.966
924,61,52,-327.037
925,60,53,-229.517
926,59,54,-323.626
927,58,55,-274.539
928,71,43,539.706
929,70,44,288.787
930,69,45,29.725
931,68,46,109.654
932,67,47,259.189
933,66,48,-344.934
934,65,49,80.193
935,64,50,-109.735
936,63,51,-346.616
937,62,52,-469.676
938,61,53,31.065
939,60,54,-555.899
940,59,55,-65.928
941,58,56,-645.437
942,71,44,424.704
943,70,45,70.772
944,69,46,314.178
945,68,47,117.413
946,67,48,-204.48
947,66,49,3.643
948,65,50,-333.846
949,64,51,-553.412
950,63,52,-32.767
951,62,53,-227.805
952,61,54,-86.757
953,72,44,401.083
954,71,45,214.258
955,70,46,98.974
956,69,47,387.336
957,68,48,-312.489
958,67,49,60.242
959,66,50,-75.979
960,65,51,-282.02
961,64,52,-433.793
962,63,53,59.346
963,62,54,-306.877
964,73,44,670.129
965,72,45,123.242
966,71,46,226.11
967,70,47,78.082
968,69,48,-128.397
969,68,49,96.965
970,67,50,-157.742
971,66,51,-259.564
972,65,52,-85.5
973,64,53,-8.568
974,63,54,-5.347
975,62,55,-13.101
976,61,56,-217.906
977,73,45,423.16
978,72,46,31.642
979,71,47,-23.802
980,70,48,-451.649
981,69,49,301.823
982,68,50,-112.843
983,67,51,53.796
984,66,52,-380.758
985,65,53,318.944
986,64,54,-279.067
987,63,55,190.623
988,74,45,217.198
989,73,46,322.723
990,72,47,-235.759
991,71,48,-276.939
992,70,49,121.342
993,69,50,55.015
994,68,51,-25.539
995,67,52,87.461
996,66,53,-27.731
997,65,54,45.512
998,64,55,-75.061
999,63,56,-180.096
1000,74,46,-99.604
1001,73,47,-231.512
1002,72,48,-487.365
1003,71,49,292.259
1004,70,50,2.259
1005,69,51,192.867
1006,68,52,-182.16
1007,67,53,352.84
1008,66,54,-182.434
1009,65,55,61.351
1010,64,56,-248.649
1011,76,45,339.866
1012,75,46,207.663
1013,74,47,-112.831
1014,73,48,-463.837
1015,72,49,155.407
1016,71,50,93.374
1017,70,51,150.843
1018,69,52,106.889
1019,68,53,-95.649
1020,67,54,-50.997
1021,66,55,177.658
1022,65,56,-314.847
1023,76,46,123.831
1024,75,47,-26.118
1025,74,48,-72.384
1026,73,49,248.639
1027,72,50,110.047
1028,71,51,275.795
1029,70,52,-213.282
1030,69,53,140.718
1031,68,54,-324.988
1032,67,55,265.231
1033,66,56,-208.952
1034,77,46,330.252
1035,76,47,1.419
1036,75,48,65.817
1037,74,49,40.966
1038,73,50,115.317
1039,72,51,107.11
1040,71,52,-140.978
1041,70,53,-152.588
1042,69,54,-178.258
1043,68,55,16.343
1044,67,56,25.037
1045,77,47,-9.951
1046,76,48,-39.436
1047,75,49,162.222
1048,74,50,138.525
1049,73,51,240.931
1050,72,52,-174.142
1051,71,53,-34.555
1052,70,54,-497.405
1053,69,55,38.94
1054,68,56,-149.786
1055,67,57,321.383
1056,78,47,-59.939
1057,77,48,61.91
1058,76,49,-62.308
1059,75,50,96.343
1060,74,51,4.906
1061,73,52,-41.794
1062,72,53,-286.024
1063,71,54,-289.361
1064,70,55,-199.742
1065,69,56,101.024
1066,68,57,170.508
1067,78,48,204.273
1068,77,49,-189.377
1069,76,50,134.865
1070,75,51,116.865
1071,74,52,-54.168
1072,73,53,-460.496
1073,72,54,-346.38687
1074,71,55,-200.683
1075,70,56,-199.913
1076,69,57,336.524
1077,68,58,-10.565
1078,79,48,268.801
1079,78,49,10.103
1080,77,50,60.422
1081,76,51,31.706
1082,75,52,49.503
1083,74,53,-623.217
1084,73,54,-420.883
1085,72,55,-240.027
1086,71,56,-47.955
1087,70,57,153.884
1088,69,58,240.656
1089,80,48,601.755
1090,79,49,-300.117
1091,78,50,48.57
1092,77,51,110.148
1093,76,52,16.206
1094,75,53,-388.03
1095,74,54,-580.53427
1096,73,55,-31.773
1097,72,56,-299.156
1098,71,57,284.561
1099,70,58,-23.925
1100,69,59,459.236
1101,81,48,1097.858
1102,80,49,145.111
1103,79,50,-20.597
1104,78,51,40.616
1105,77,52,55.116
1106,76,53,-287.176
1107,75,54,-456.06975
1108,74,55,-339.05
1109,73,56,-40.866
1110,72,57,-153.541
1111,71,58,92.496
1112,70,59,366.434
1113,82,48,1442.403
1114,81,49,-106.53
1115,80,50,17.783
1116,79,51,134.313
1117,78,52,457.04
1118,77,53,-66.188
1119,76,54,-740.474
1120,75,55,-259.754
1121,74,56,-266.776
1122,73,57,12.626
1123,72,58,-252.913
1124,71,59,354.536
1125,70,60,-36.239
1126,83,48,1148.24
1127,82,49,35.631
1128,81,50,-344.579
1129,80,51,128.588
1130,79,52,328.978
1131,78,53,-2.727
1132,77,54,-373.57492
1133,76,55,-575.574
1134,75,56,-298.958
1135,74,57,-249.265
1136,73,58,-28.448
1137,72,59,-20.664
1138,71,60,161.96
1139,84,48,1554.571
1140,83,49,88.446
1141,82,50,-606.554
1142,81,51,-295.282
1143,80,52,761.803
1144,79,53,206.498
1145,78,54,-378.97451
1146,77,55,-432.693
1147,76,56,-724.903
1148,75,57,-253.578
1149,74,58,-288.688
1150,73,59,92.536
1151,72,60,-235.815
1152,83,50,-513.89
1153,82,51,-523.513
1154,81,52,282.867
1155,80,53,362.698
1156,79,54,-33.583
1157,78,55,-330.943
1158,77,56,-623.512
1159,76,57,-394.392
1160,75,58,-228.223
1161,74,59,-137.591
1162,73,60,-32.38
1163,72,61,132.347
1164,84,50,216.241
1165,83,51,-459.004
1166,82,52,366.248
1167,81,53,86.56
1168,80,54,424.16557
1169,79,55,-81.165
1170,78,56,-610.002
1171,77,57,-488.659
1172,76,58,-562.898
1173,75,59,-208
1174,74,60,-266.443
1175,73,61,176.092
1176,85,50,-232.252
1177,84,51,129.668
1178,83,52,331.21
1179,82,53,50.82
1180,81,54,96.635
1181,80,55,208.044
1182,79,56,-440.655
1183,78,57,-523.458
1184,77,58,-536.308
1185,76,59,-465.872
1186,75,60,-243.62
1187,74,61,-162.329
1188,73,62,22.778
1189,85,51,-346.89
1190,84,52,574.721
1191,83,53,-15.225
1192,82,54,430.83
1193,81,55,1.145
1194,80,56,112.921
1195,79,57,-357.488
1196,78,58,-698.55
1197,77,59,-480.421
1198,76,60,-589.297
1199,75,61,-9.923
1200,74,62,-350.899
1201,86,51,-50.392
1202,85,52,66.238
1203,84,53,223.732
1204,83,54,296.586
1205,82,55,224.228
1206,81,56,-21.401
1207,80,57,9.135
1208,79,58,-468.765
1209,78,59,-601.814
1210,77,60,-523.969
1211,76,61,-182.858
1212,75,62,-181.655
1213,74,63,264.096
1214,86,52,64.005
1215,85,53,-379.91
1216,84,54,237.756
1217,83,55,282.972
1218,82,56,428.194
1219,81,57,36.592
1220,80,58,-165.867
1221,79,59,-378.867
1222,78,60,-667.182
1223,77,61,-84.37
1224,76,62,-387.772
1225,75,63,370.324
1226,87,52,-315.08
1227,86,53,-500.964
1228,85,54,-504.586
1229,84,55,108.912
1230,83,56,286.082
1231,82,57,337.619
1232,81,58,-37.741
1233,80,59,-178.652
1234,79,60,-576.93
1235,78,61,-311.028
1236,77,62,-320.229
1237,76,63,21.949
1238,88,52,-237.449
1239,87,53,-616.223
1240,86,54,-486.461
1241,85,55,-609.738
1242,84,56,172.095
1243,83,57,287.941
1244,82,58,435.773
1245,81,59,23.773
1246,80,60,-237.246
1247,79,61,-412.046
1248,78,62,-435.945
1249,77,63,-45.945
1250,76,64,-152.278
1251,75,65,647.722
1252,88,53,-496.666
1253,87,54,-517.309
1254,86,55,-537.351
1255,85,56,-572.492
1256,84,57,-29.844
1257,83,58,238.942
1258,82,59,365.467
1259,81,60,-81.52
1260,80,61,-82.932
1261,79,62,-323.959
1262,78,63,-65.647
1263,77,64,-34.231
1264,76,65,449.157
1265,89,53,-612.969
1266,88,54,-389.648
1267,87,55,-554.556
1268,86,56,-542.257
1269,85,57,-663.95
1270,84,58,17.104
1271,83,59,323.633
1272,82,60,409.945
1273,81,61,-221.536
1274,80,62,-181.93
1275,79,63,-258.93
1276,78,64,-299.522
1277,77,65,500.478
1278,89,54,-352.882
1279,88,55,-355.519
1280,87,56,-407.205
1281,86,57,-461.467
1282,85,58,-546.378
1283,84,59,-18.2
1284,83,60,97.69
1285,82,61,289.336
1286,81,62,-187.135
1287,80,63,-431.311
1288,79,64,-261.311
1289,78,65,40.808
1290,77,66,91.051
1291,90,54,-132.301
1292,89,55,-281.362
1293,88,56,-247.13
1294,87,57,-279.66
1295,86,58,-441.942
1296,85,59,-460.588
1297,84,60,-68.028
1298,83,61,153.884
1299,82,62,274.374
1300,81,63,-339.175
1301,80,64,-449.511
1302,79,65,-8.188
1303,78,66,-390.091
1304,77,67,500.479
1305,91,54,186.663
1306,90,55,-84.424
1307,89,56,-176.183
1308,88,57,-135.325
1309,87,58,-137.059
1310,86,59,-335.99
1311,85,60,-542.004
1312,84,61,-57.506
1313,83,62,-21.407
1314,82,63,98.476
1315,81,64,-146.626
1316,80,65,-669.693
1317,79,66,127.393
1318,78,67,-0.113
1319,92,54,325.05
1320,91,55,249.62
1321,90,56,333.731
1322,89,57,168.826
1323,88,58,304.132
1324,87,59,316.514
1325,86,60,-485.916
1326,85,61,-424.36
1327,84,62,-166.36
1328,83,63,-57.603
1329,82,64,94.177
1330,81,65,-113.644
1331,80,66,-294.928
1332,79,67,581.773
1333,78,68,-242.019
1334,92,55,249.927
1335,91,56,395.964
1336,90,57,351.603
1337,89,58,356.098
1338,88,59,405.907
1339,87,60,33.206
1340,86,61,-301.984
1341,85,62,-646.048
1342,84,63,-204.611
1343,83,64,-166.928
1344,82,65,257.326
1345,81,66,73.953
1346,80,67,-7.101
1347,79,68,242.186
1348,78,69,155.593
1349,93,55,589.05
1350,92,56,445.089
1351,91,57,481.258
1352,90,58,241.576
1353,89,59,454.548
1354,88,60,241.934
1355,87,61,184.123
1356,86,62,-316.067
1357,85,63,-517.482
1358,84,64,-229.419
1359,83,65,113.053
1360,82,66,340.603
1361,81,67,108.834
1362,80,68,-158.997
1363,79,69,564.966
1364,93,56,699.38
1365,92,57,660.079
1366,91,58,610.079
1367,90,59,590.627
1368,89,60,634.465
1369,88,61,595.596
1370,87,62,124.102
1371,86,63,-111.317
1372,85,64,-727.173
1373,84,65,21.361
1374,83,66,186.01
1375,82,67,324.146
1376,81,68,-101.621
1377,94,56,650.201
1378,93,57,658.853
1379,92,58,703.137
1380,91,59,599.491
1381,90,60,710.049
1382,89,61,1032.664
1383,88,62,368.664
1384,87,63,317.631
1385,86,64,-424.051
1386,85,65,-525.789
1387,84,66,60.382
1388,83,67,364.108
1389,82,68,198.677
1390,94,57,739.661
1391,93,58,504.942
1392,92,59,490.319
1393,91,60,786.817
1394,90,61,743.74
1395,89,62,893.52
1396,88,63,746.902
1397,87,64,141.08
1398,86,65,26.459
1399,85,66,-452.388
1400,84,67,217.254
1401,83,68,203.71
1402,82,69,288.387
1403,81,70,-382.352
1404,93,59,251.93
1405,92,60,620.337
1406,91,61,755.532
1407,90,62,717.023
1408,89,63,1081.5
1409,88,64,372.696
1410,87,65,452.696
1411,86,66,-327.963
1412,85,67,-154.636
1413,84,68,39.782
1414,83,69,329.721
1415,82,70,39.614
1416,94,59,341.51
1417,93,60,349.62
1418,92,61,581.997
1419,91,62,879.941
1420,90,63,702.534
1421,89,64,827.056
1422,88,65,736.39
1423,87,66,226.803
1424,86,67,37.926
1425,85,68,-276.682
1426,84,69,237.39
1427,82,71,204.538
1428,95,59,440.398
1429,94,60,540.398
1430,93,61,373.398
1431,92,62,734.436
1432,91,63,771.633
1433,90,64,583.642
1434,89,65,1053.293
1435,88,66,285.985
1436,87,67,570.622
1437,86,68,-354.974
1438,85,69,52.858
1439,84,70,37.907
1440,96,59,284.665
1441,95,60,276.204
1442,94,61,309.994
1443,93,62,498.794
1444,92,63,491.663
1445,91,64,679.702
1446,90,65,589.561
1447,89,66,734.061
1448,88,67,570.201
1449,87,68,-59.172
1450,86,69,-25.921
1451,85,70,-242.614
1452,84,71,154.944
1453,97,59,260.693
1454,96,60,407.87
1455,95,61,63.153
1456,94,62,459.265
1457,93,63,237.156
1458,92,64,504.667
1459,91,65,698.99
1460,90,66,480.614
1461,89,67,771.597
1462,88,68,18.317
1463,87,69,215.583
1464,86,70,-445.538
1465,85,71,20.45
1466,84,72,10.486
1467,98,59,375.194
1468,97,60,225.883
1469,96,61,92.884
1470,95,62,272.346
1471,94,63,90.866
1472,93,64,306.104
1473,92,65,376.152
1474,91,66,535.331
1475,90,67,667.138
1476,89,68,506.352
1477,88,69,510.721
1478,87,70,-149.912
1479,86,71,-129.818
1480,84,73,174.052
1481,98,60,564.877
1482,97,61,-26.143
1483,96,62,408.151
1484,95,63,-80.461
1485,94,64,230.031
1486,93,65,259.117
1487,92,66,402.848
1488,91,67,722.604
1489,90,68,216.185
1490,89,69,586.8
1491,88,70,-189.62
1492,87,71,87.8
1493,86,72,-512.399
1494,99,60,415.993
1495,98,61,275.649
1496,97,62,242.151
1497,96,63,-63.386
1498,95,64,58.143
1499,94,65,57.418
1500,93,66,252.78
1501,92,67,430.38
1502,91,68,398.88
1503,90,69,379.596
1504,89,70,136.483
1505,88,71,1.391
1506,87,72,-252.606
1507,86,73,-139.157
1508,100,60,665.485
1509,99,61,175.361
1510,98,62,546.828
1511,97,63,-113.449
1512,96,64,57.94
1513,95,65,-36.474
1514,94,66,137.575
1515,93,67,547.575
1516,92,68,245.824
1517,91,69,538.963
1518,90,70,-103.227
1519,89,71,240.058
1520,88,72,-468.747
1521,87,73,-73.7
1522,86,74,-679.073
1523,100,61,323.411
1524,99,62,427.957
1525,98,63,38.399
1526,97,64,-66.142
1527,96,65,-171.778
1528,95,66,74.506
1529,94,67,213.706
1530,93,68,308.702
1531,92,69,331.285
1532,91,70,85.752
1533,90,71,67.651
1534,89,72,4.183
1535,88,73,-128.575
1536,86,75,-242.82
1537,100,62,650.947
1538,99,63,-32.944
1539,98,64,149.28
1540,97,65,-639.548
1541,96,66,-21.169
1542,95,67,179.437
1543,94,68,185.79
1544,93,69,402.518
1545,92,70,-51.163
1546,91,71,158.241
1547,90,72,-288.426
1548,89,73,-1.405
1549,88,74,-479.217
1550,101,62,470.388
1551,100,63,156.181
1552,99,64,61.409
1553,98,65,-215.754
1554,97,66,-230.858
1555,96,67,11.973
1556,95,68,252.587
1557,94,69,261.587
1558,93,70,136.122
1559,92,71,38.585
1560,91,72,-59.32
1561,90,73,115.366
1562,89,74,-248.439
1563,88,75,-112.253
1564,102,62,654.686
1565,101,63,47.854
1566,100,64,316.312
1567,99,65,-204.983
1568,98,66,-137.649
1569,97,67,-130.517
1570,96,68,147.427
1571,95,69,481.057
1572,94,70,-12.171
1573,93,71,297.624
1574,92,72,-318.356
1575,91,73,127.195
1576,90,74,-465.555
1577,89,75,37.559
1578,88,76,-604.723
1579,102,63,160.897
1580,101,64,124.218
1581,100,65,-58.849
1582,99,66,-132.289
1583,98,67,-188.017
1584,97,68,88.647
1585,96,69,219.976
1586,95,70,124.612
1587,94,71,57.752
1588,93,72,-45.513
1589,92,73,-127.872
1590,91,74,-51.316
1591,90,75,-19.353
1592,102,64,449.074
1593,101,65,-128.778
1594,100,66,105.529
1595,99,67,-240.339
1596,98,68,115.855
1597,97,69,323.522
1598,96,70,126.294
1599,95,71,349.013
1600,94,72,-248.989
1601,93,73,222.22
1602,92,74,-307.471
1603,91,75,92.665
1604,90,76,-401.526
1605,103,64,194.268
1606,102,65,46.918
1607,101,66,18.549
1608,100,67,-109.459
1609,99,68,-49.256
1610,98,69,126.883
1611,97,70,240.1
1612,96,71,163.719
1613,95,72,12.239
1614,94,73,-1.064
1615,93,74,26.788
1616,91,76,-168.86
1617,90,77,-62.448
1618,103,65,-91.181
1619,102,66,161.602
1620,101,67,-139.231
1621,100,68,90.769
1622,99,69,77.621
1623,98,70,190.133
1624,97,71,187.168
1625,96,72,-140.557
1626,95,73,206.087
1627,94,74,-242.93
1628,93,75,195.111
1629,92,76,-404.995
1630,91,77,93.77
1631,90,78,-630.078
1632,103,66,-36.01
1633,102,67,33.99
1634,101,68,18.837
1635,100,69,85.346
1636,99,70,164.473
1637,98,71,77.473
1638,97,72,113.105
1639,96,73,119.565
1640,95,74,-7.866
1641,94,75,80.753
1642,93,76,197.016
1643,92,77,-103.416
1644,103,67,-77.514
1645,102,68,262.486
1646,101,69,-55.314
1647,100,70,236.071
1648,99,71,93.766
1649,98,72,-13.86
1650,97,73,282.33
1651,96,74,-190.804
1652,95,75,356.004
1653,94,76,-75.692
1654,92,78,-509.202
1655,104,67,62.178
1656,103,68,132.178
1657,102,69,69.729
1658,101,70,153.182
1659,100,71,151.535
1660,99,72,58.649
1661,98,73,109.721
1662,97,74,13.905
1663,96,75,189.715
1664,95,76,242.762
1665,94,77,-72.03
1666,93,78,-276.569
1667,92,79,-22.303
1668,104,68,287.422
1669,103,69,-133.554
1670,102,70,264.544
1671,101,71,143.924
1672,100,72,97.768
1673,99,73,170.017
1674,98,74,-107.191
1675,97,75,313.161
1676,96,76,-43.641
1677,95,77,80.627
1678,94,78,-536.67
1679,93,79,61.989
1680,92,80,-301.361
1681,104,69,43.933
1682,103,70,48.766
1683,102,71,168.986
1684,101,72,38.21
1685,100,73,153.457
1686,99,74,-47.388
1687,98,75,206.13
1688,97,76,181.75
1689,96,77,-128.456
1690,95,78,-216.758
1691,94,79,-52.017
1692,105,69,5.479
1693,104,70,215.479
1694,103,71,49.708
1695,102,72,235.417
1696,101,73,229.229
1697,100,74,-57.093
1698,99,75,226.899
1699,98,76,-5.383
1700,97,77,524.063
1701,96,78,-507.608
1702,94,80,-321.017
1703,106,69,299.444
1704,105,70,214.444
1705,104,71,204.322
1706,103,72,238.237
1707,102,73,271.347
1708,101,74,-32.8
1709,100,75,151.688
1710,99,76,14.64
1711,98,77,235.489
1712,97,78,-68.684
1713,96,79,6.314
1714,95,80,-179.443
1715,107,69,498.678
1716,106,70,678.678
1717,105,71,237.667
1718,104,72,433.572
1719,103,73,424.621
1720,102,74,138.392
1721,101,75,277.11
1722,100,76,18.816
1723,99,77,328.077
1724,98,78,-313.918
1725,97,79,149.033
1726,96,80,-464.639
1727,95,81,54.728
1728,107,70,583.596
1729,106,71,676.097
1730,105,72,459.255
1731,104,73,415.255
1732,103,74,218.269
1733,102,75,290.825
1734,101,76,53.552
1735,100,77,162.575
1736,99,78,-70.437
1737,98,79,-75.736
1738,97,80,-165.823
1739,96,81,-290.103
1740,108,70,692.861
1741,107,71,622.119
1742,106,72,844.634
1743,104,74,392.934
1744,103,75,526.543
1745,102,76,195.757
1746,101,77,235.686
1747,100,78,-207.486
1748,99,79,146.971
1749,98,80,-475.346
1750,96,82,-346.629
1751,108,71,840.987
1752,107,72,806.964
1753,106,73,642.544
1754,105,74,344.753
1755,104,75,555.688
1756,103,76,319.863
1757,102,77,198.281
1758,101,78,-98.127
1759,100,79,-28.572
1760,99,80,-102.924
1761,98,81,-209.632
1762,97,82,-168.392
1763,109,71,543.524
1764,108,72,890.524
1765,107,73,526.369
1766,106,74,593.757
1767,105,75,632.636
1768,104,76,433.802
1769,103,77,292.47
1770,102,78,-159.875
1771,101,79,4.354
1772,100,80,-450.513
1773,99,81,89.562
1774,98,82,-301.069
1775,110,71,842.586
1776,109,72,697.042
1777,108,73,520.936
1778,107,74,486.055
1779,106,75,522.588
1780,105,76,540.032
1781,104,77,336.965
1782,103,78,-21.497
1783,102,79,-51.14
1784,101,80,-141.127
1785,100,81,-358.749
1786,99,82,-80.631
1787,110,72,950.364
1788,109,73,489.315
1789,108,74,483.856
1790,107,75,603.856
1791,106,76,610.891
1792,105,77,438.318
1793,104,78,101.58
1794,103,79,76.024
1795,102,80,-296.885
1796,101,81,252.787
1797,100,82,-224.556
1798,112,71,883.886
1799,111,72,786.453
1800,110,73,626.453
1801,109,74,284.337
1802,108,75,320.337
1803,107,76,566.24
1804,106,77,517.862
1805,105,78,266.803
1806,104,79,8.512
1807,103,80,-104.655
1808,102,81,-327.261
1809,101,82,99.992
1810,112,72,1190.547
1811,111,73,640.547
1812,110,74,484.547
1813,109,75,370.181
1814,108,76,557.435
1815,107,77,559.145
1816,106,78,327.514
1817,105,79,201.286
1818,104,80,-144.787
1819,103,81,256.645
1820,102,82,-111.586
1821,113,72,1190.196
1822,112,73,775.629
1823,111,74,502.129
1824,110,75,390.953
1825,109,76,494.092
1826,108,77,464.442
1827,107,78,461.856
1828,106,79,201.85
1829,105,80,196.349
1830,104,81,-127.745
1831,103,82,248.789
1832,114,72,1305.786
1833,113,73,852.398
1834,112,74,611.398
1835,111,75,452.68
1836,110,76,399.968
1837,109,77,527.65
1838,108,78,345.553
1839,107,79,285.144
1840,106,80,-39.059
1841,105,81,357.06
1842,104,82,19.103
1843,103,83,384.503
1844,102,84,-178.469
1845,114,73,934.45
1846,113,74,685.956
1847,112,75,453.452
1848,111,76,330.985
1849,110,77,380.623
1850,109,78,434.639
1851,108,79,-18.78
1852,107,80,241.491
1853,106,81,-14.592
1854,105,82,303.045
1855,104,83,-253.275
1856,103,84,-36.192
1857,114,74,742.12
1858,113,75,513.12
1859,112,76,172.699
1860,111,77,275.045
1861,110,78,-50.97
1862,109,79,88.685
1863,108,80,-18.351
1864,107,81,303.597
1865,106,82,108.976
1866,105,83,155.2
1867,104,84,-324.378
1868,114,75,540.903
1869,113,76,323.198
1870,112,77,-309.652
1871,111,78,-19.405
1872,110,79,-151.958
1873,109,80,123.622
1874,108,81,33.895
1875,107,82,425.981
1876,106,83,-74.664
1877,105,84,-51.996
1878,116,74,621.168
1879,115,75,636.985
1880,114,76,-127.825
1881,113,77,-133.614
1882,112,78,-526.504
1883,111,79,-93.54
1884,110,80,-60.625
1885,109,81,303.764
1886,108,82,193.393
1887,107,83,244.094
1888,106,84,-392.708
1889,117,74,773.824
1890,116,75,379.592
1891,115,76,-35.239
1892,114,77,-268.826
1893,113,78,-308.336
1894,112,79,-237.91
1895,111,80,28.151
1896,110,81,57.049
1897,109,82,388.757
1898,108,83,-129.351
1899,107,84,-8.731
1900,106,85,-16.087
1901,117,75,711.172
1902,116,76,7.697
1903,115,77,-55.631
1904,114,78,-518.525
1905,113,79,-112.184
1906,112,80,-121.481
1907,111,81,247.751
1908,110,82,258.154
1909,109,83,125.463
1910,108,84,-316.483
1911,107,85,405.742
1912,118,75,608.359
1913,117,76,95.599
1914,116,77,-196.305
1915,115,78,-359.677
1916,114,79,-264.829
1917,113,80,-82.165
1918,112,81,42.782
1919,111,82,300.745
1920,110,83,-124.563
1921,109,84,-25.302
1922,108,85,132.677
1923,107,86,-37.08
1924,118,76,144.824
1925,117,77,-81.776
1926,116,78,-540.101
1927,115,79,-271.95
1928,114,80,-213.952
1929,113,81,122.502
1930,112,82,282.134
1931,111,83,-3.02
1932,110,84,-354.617
1933,109,85,473.51
1934,108,86,-285.376
1935,119,76,18.404
1936,118,77,17.682
1937,117,78,-493.878
1938,116,79,-507.061
1939,115,80,-173.342
1940,114,81,14.708
1941,113,82,181.961
1942,112,83,234.433
1943,111,84,-226.655
1944,110,85,69.701
1945,109,86,80.285
1946,120,76,-227.123
1947,119,77,-135.522
1948,118,78,-504.538
1949,117,79,-308.718
1950,116,80,-225.944
1951,115,81,-6.598
1952,114,82,311.766
1953,113,83,-129.032
1954,112,84,-478.731
1955,111,85,286.825
1956,110,86,-224.831
1957,120,77,-124.123
1958,119,78,-279.775
1959,118,79,-309.751
1960,117,80,-310.231
1961,116,81,-14.222
1962,115,82,194.615
1963,114,83,182.804
1964,113,84,-343.078
1965,112,85,-125.255
1966,111,86,-9.632
1967,110,87,-66.032
1968,120,78,-134.018
1969,119,79,-410.793
1970,118,80,-254.315
1971,117,81,-148.753
1972,116,82,222.557
1973,115,83,276.149
1974,114,84,-443.278
1975,113,85,-68.747
1976,112,86,-320.32
1977,111,87,347.698
1978,122,77,171.466
1979,121,78,71.3
1980,120,79,-253.752
1981,119,80,-466.066
1982,118,81,-89.397
1983,117,82,108.266
1984,116,83,162.384
1985,115,84,-388.829
1986,114,85,-493.377
1987,113,86,-209.846
1988,112,87,-8.612
1989,122,78,160.822
1990,121,79,-190.094
1991,120,80,-273.267
1992,119,81,-207.227
1993,118,82,129.142
1994,117,83,99.426
1995,116,84,28.317
1996,115,85,-517.894
1997,114,86,-520.454
1998,113,87,173.578
1999,123,78,469.295
2000,122,79,-50.705
2001,121,80,-142.529
2002,120,81,-140.778
2003,119,82,-11.033
2004,118,83,80.994
2005,117,84,-341.166
2006,116,85,-339.441
2007,115,86,-447.413
2008,114,87,-231.427
2009,113,88,-313.183
2010,124,78,387.872
2011,123,79,-162.982
2012,122,80,-35.31
2013,121,81,-270.419
2014,120,82,19.392
2015,119,83,129.146
2016,118,84,78.431
2017,117,85,-445.106
2018,116,86,-524.561
2019,115,87,-118.462
2020,114,88,-605.1
2021,124,79,-23.444
2022,123,80,-69.203
2023,122,81,-161.309
2024,121,82,-196.483
2025,120,83,-4.893
2026,119,84,89.181
2027,118,85,-12.607
2028,117,86,-424.045
2029,116,87,-403.588
2030,115,88,-468.669
2031,124,80,-170.148
2032,123,81,-436.07
2033,122,82,-109.815
2034,121,83,34.073
2035,120,84,118.955
2036,119,85,54.748
2037,118,86,-290.115
2038,117,87,-432.692
2039,116,88,-598.903
2040,125,80,-197.719
2041,124,81,-410.802
2042,123,82,-340.162
2043,122,83,-85.569
2044,121,84,108.602
2045,120,85,35.481
2046,119,86,-209.764
2047,118,87,-229.816
2048,117,88,-446.147
2049,116,89,-353.311
2050,126,80,-65.728
2051,125,81,-663.293
2052,124,82,-245.506
2053,123,83,-328.201
2054,122,84,31.332
2055,121,85,160.612
2056,120,86,-102.918
2057,119,87,-6.859
2058,118,88,-394.387
2059,117,89,-95.246
2060,127,80,-77.446
2061,126,81,-624.436
2062,125,82,-761.968
2063,124,83,-254.554
2064,123,84,-115.7
2065,122,85,82.518
2066,121,86,45.258
2067,120,87,-59.021
2068,119,88,-236.012
2069,118,89,-253.772
2070,128,80,364.592
2071,127,81,-410.121
2072,126,82,-828.519
2073,125,83,-540.151
2074,124,84,220.793
2075,123,85,50.099
2076,122,86,124.611
2077,121,87,115.072
2078,120,88,-142.066
2079,119,89,-9.146
2080,118,90,-511.959
2081,128,81,-44.793
2082,127,82,-744.574
2083,126,83,-668.589
2084,125,84,-56.015
2085,124,85,6.227
2086,123,86,58.951
2087,122,87,87.856
2088,121,88,8.24
2089,120,89,-5.113
2090,129,81,-286.996
2091,128,82,-168.429
2092,127,83,-731.905
2093,126,84,26.94
2094,125,85,-212.099
2095,124,86,65.236
2096,123,87,136.492
2097,122,88,112.839
2098,121,89,244.079
2099,120,90,-130.479
2100,130,81,-267.999
2101,129,82,-553.012
2102,128,83,-129.116
2103,127,84,-32.492
2104,126,85,-167.191
2105,125,86,-15.33
2106,124,87,-30.314
2107,123,88,131.87
2108,122,89,83.485
2109,121,90,46.396
2110,120,91,102.226
2111,130,82,-338.929
2112,129,83,-477.943
2113,128,84,210.592
2114,127,85,-188.149
2115,126,86,190.781
2116,125,87,-25.998
2117,124,88,191.237
2118,123,89,279.6
2119,122,90,150.886
2120,121,91,296.523
2121,132,81,-506.189
2122,131,82,-743.598
2123,130,83,-351.671
2124,129,84,-243.519
2125,128,85,10.478
2126,127,86,44.051
2127,126,87,95.801
2128,125,88,5.557
2129,124,89,151.029
2130,123,90,210.108
2131,122,91,244.194
2132,132,82,-643.019
2133,131,83,-640.78
2134,130,84,-309.972
2135,129,85,-349.151
2136,128,86,70.336
2137,127,87,-8.327
2138,126,88,312.74
2139,125,89,93.272
2140,124,90,224.932
2141,123,91,479.895
2142,133,82,-987.755
2143,132,83,-610.728
2144,131,84,-661.771
2145,130,85,-516.583
2146,129,86,-448.99
2147,128,87,-21.863
2148,127,88,141.995
2149,126,89,290.55
2150,125,90,41.434
2151,124,91,204.537
2152,123,92,309.312
2153,133,83,-736.012
2154,132,84,-787.664
2155,131,85,-613.322
2156,130,86,-836.688
2157,129,87,-508.978
2158,128,88,-8.534
2159,127,89,199.736
2160,126,90,418.537
2161,125,91,203.799
2162,124,92,326.429
2163,134,83,-820.037
2164,133,84,-726.548
2165,132,85,-635.402
2166,131,86,-621.434
2167,130,87,-595.337
2168,129,88,-450.464
2169,128,89,-87.679
2170,127,90,175.78
2171,126,91,474.748
2172,135,83,-743.962
2173,134,84,-763.348
2174,133,85,-429.782
2175,132,86,-742.587
2176,131,87,-450.56
2177,130,88,-564.444
2178,129,89,-149.155
2179,128,90,-103.253
2180,127,91,319.568
2181,126,92,494.655
2182,135,84,-648.639
2183,134,85,-463.979
2184,133,86,-390.663
2185,132,87,-403.061
2186,131,88,-276.147
2187,130,89,-130.447
2188,129,90,-37.22
2189,128,91,-56.777
2190,127,92,195.953
2191,126,93,556.951
2192,136,84,-706.538
2193,135,85,-114.252
2194,134,86,-498.006
2195,133,87,-257.668
2196,132,88,-427.909
2197,131,89,53.755
2198,130,90,-90.462
2199,129,91,338.397
2200,127,93,485.022
2201,137,84,-526.243
2202,136,85,-267.271
2203,135,86,-148.646
2204,134,87,-242.749
2205,133,88,-356.123
2206,132,89,-58.952
2207,131,90,249.926
2208,130,91,254.937
2209,129,92,279.996
2210,138,84,-693.732
2211,137,85,-36.972
2212,136,86,-398.043
2213,135,87,-201.897
2214,134,88,-309.795
2215,133,89,-148.203
2216,132,90,33.039
2217,131,91,494.361
2218,130,92,242.834
2219,129,93,764.641
2220,138,85,-391.992
2221,137,86,-210.262
2222,136,87,-237.671
2223,135,88,-326.755
2224,134,89,-114.945
2225,133,90,125.402
2226,132,91,367.614
2227,131,92,605.278
2228,130,93,418.583
2229,139,85,-138.982
2230,138,86,-484.902
2231,137,87,-181.386
2232,136,88,-304.168
2233,135,89,-165.852
2234,134,90,25.581
2235,133,91,282.351
2236,132,92,312.69
2237,131,93,762.248
2238,139,86,-345.857
2239,138,87,-429.398
2240,137,88,-356.956
2241,136,89,-262.695
2242,135,90,-29.807
2243,134,91,156.64
2244,133,92,362.001
2245,132,93,378.098
2246,140,86,-512.806
2247,139,87,-239.461
2248,138,88,-522.424
2249,137,89,-380.799
2250,136,90,-212.351
2251,135,91,-116.4
2252,134,92,128.797
2253,133,93,446.877
2254,141,86,-364.165
2255,140,87,-457.555
2256,139,88,-462.536
2257,138,89,-590.485
2258,137,90,-275.241
2259,136,91,-289.629
2260,135,92,-14.966
2261,134,93,119.018
2262,142,86,-306.534
2263,141,87,-85.779
2264,140,88,-419.806
2265,139,89,-365.346
2266,138,90,-519.101
2267,137,91,-376.401
2268,136,92,-299.999
2269,134,94,-202.191
2270,143,86,-377.6
2271,142,87,-311.747
2272,141,88,-248.037
2273,140,89,-420.064
2274,139,90,-474.483
2275,138,91,-483.152
2276,137,92,-249.38
2277,136,93,-188.622
2278,135,94,-185.076
2279,134,95,-59.586
2280,143,87,-223.231
2281,142,88,-333.694
2282,141,89,-271.614
2283,140,90,-497.488
2284,139,91,-486.457
2285,138,92,-384.983
2286,137,93,-263.385
2287,136,94,-307.83
2288,144,87,-329.425
2289,143,88,-233.512
2290,142,89,-327.147
2291,141,90,-454.189
2292,140,91,-515.662
2293,139,92,-414.048
2294,138,93,-336.314
2295,137,94,-381.423
2296,145,87,-97.166
2297,144,88,-253.045
2298,143,89,-145.577
2299,142,90,-303.29
2300,141,91,-493.451
2301,140,92,-390.555
2302,138,94,-349.085
2303,146,87,-189.948
2304,145,88,-195.938
2305,144,89,-271.963
2306,143,90,-218.358
2307,142,91,-370.59
2308,141,92,-510.889
2309,140,93,-471.469
2310,139,94,-328.164
2311,137,96,-336.66
2312,146,88,-149.371
2313,145,89,-138.805
2314,144,90,-237.042
2315,143,91,-341.13
2316,142,92,-305.041
2317,141,93,-425.194
2318,140,94,-230.014
2319,138,96,-437.589
2320,146,89,-102.84
2321,145,90,-192.246
2322,144,91,-161.099
2323,143,92,-291.218
2324,142,93,-316.956
2325,141,94,-397.654
2326,140,95,-335.398
2327,147,89,110.998
2328,146,90,-104.797
2329,145,91,-176.045
2330,144,92,-185.418
2331,143,93,-391.906
2332,142,94,-218.492
2333,140,96,-297.18
2334,147,90,15.097
2335,146,91,-42.376
2336,145,92,-279.867
2337,144,93,-268.401
2338,143,94,-318.338
2339,141,96,-462.849
2340,139,98,-241.745
2341,147,91,64.043
2342,146,92,-52.268
2343,145,93,-345.403
2344,144,94,-226.852
2345,143,95,-488.579
2346,142,96,-274.797
2347,147,92,42.668
2348,146,93,-138.995
2349,145,94,-341.78
2350,144,95,-419.64
2351,143,96,-393.038
2352,148,92,195.497
2353,147,93,46.229
2354,146,94,-24.681
2355,145,95,-409.89
2356,144,96,-315.778
2357,142,98,-11.281
2358,148,93,85.115
2359,147,94,-4.885
2360,146,95,-205.665
2361,145,96,-348.23
2362,149,93,86.876
2363,148,94,176.876
2364,147,95,-111.986
2365,146,96,-66.301
2366,144,98,-3.018
2367,149,94,164.561
2368,148,95,85.005
2369,147,96,-48.064
2370,146,97,-50.371
2371,150,94,416.021
2372,149,95,99.135
2373,148,96,101.835
2374,147,97,-16.175
2375,146,98,88.096
2376,151,94,508.173
2377,150,95,350.417
2378,149,96,64.524
2379,148,97,83.776
2380,147,98,95.151
2381,152,94,524.772
2382,150,96,336.912
2383,149,97,-3.088
2384,148,98,160.228
2385,147,99,188.802
2386,146,100,481.187
2387,151,96,363.105
2388,150,97,269.521
2389,149,98,49.392
2390,148,99,348.393
2391,152,96,532.748
2392,151,97,391.053
2393,150,98,287.951
2394,148,100,507.793
2395,153,96,300.696
2396,152,97,446.333
2397,151,98,342.733
2398,149,100,419.143
2399,148,101,330.952
2400,154,96,389.588
2401,153,97,332.006
2402,152,98,510.336
2403,150,100,572.193
2404,149,101,239.14
2405,155,96,237.981
2406,154,97,467.981
2407,153,98,364.981
2408,152,99,401.547
2409,151,100,468.808
2410,150,101,506.749
2411,154,98,424.61
2412,153,99,414.61
2413,152,100,496.611
2414,151,101,387.118
2415,150,102,691.37
2416,155,98,291.562
2417,154,99,330.486
2418,153,100,295.549
2419,151,102,618.696
2420,150,103,573.471
2421,156,98,321.395
2422,155,99,274.151
2423,154,100,522.521
2424,152,102,633.312
2425,151,103,515.887
2426,156,99,379.237
2427,155,100,390.465
2428,154,101,382.069
2429,153,102,411.934
2430,152,103,557.305
2431,156,100,434.796
2432,154,102,553.046
2433,153,103,426.603
2434,152,104,651.992
2435,157,100,450.137
2436,156,101,372.472
2437,155,102,437.064
2438,153,104,496.389
2439,152,105,524.285
2440,157,101,380.35
2441,154,104,554.338
2442,153,105,437.703
2443,157,102,479.381
2444,154,105,591.021
2445,154,106,667.495
2446,157,104,598.233
2447,155,106,495.004
2448,154,107,699.41
2449,156,106,609.072
2450,155,107,652.119
2451,156,108,743.165
2452,157,108,820.245
2453,158,108,1179.675
2454,157,109,892.681
2455,159,110,1644.671
2456,160,110,1891.584
