N,Z,residual(keV)
8,8,-1987.0021699999998
9,8,-2078.7642100000003
8,9,-2258.299
10,8,-1712.8163399999999
9,9,-1496.888
8,10,-2002.3829999999998
11,8,-1817.1419999999998
10,9,-2377.4451200000003
9,10,-2357.946
8,11,549.384
12,8,556.172
11,9,892.537
10,10,2098.06783
9,11,760.4889999999996
8,12,707.6939999999995
13,8,-1017.9660000000003
12,9,2802.395
11,10,538.2240000000002
10,11,405.14300000000003
9,12,2083.8510000000006
14,8,-96.96800000000076
13,9,983.3760000000002
12,10,265.28399999999965
11,11,-371.3909999999996
10,12,-209.986
15,8,-238.62900000000081
14,9,1815.263
13,10,-364.0450000000001
12,11,-549.8535200000006
11,12,-793.6750000000002
10,13,-1221.929
16,8,-629.5960000000014
15,9,2074.5159999999996
14,10,858.3580000000002
13,11,-897.9009999999998
12,12,346.4220000000005
11,13,-1238.812
10,14,-484.8140000000003
17,8,-2260.970000000001
16,9,2024.1669999999995
15,10,984.4970000000001
14,11,-197.8140000000003
13,12,-472.78199999999924
12,13,-915.9740000000002
11,14,-842.6779999999999
18,8,-178.95900000000256
17,9,1164.6549999999988
16,10,611.114
15,11,259.22000000000025
14,12,-334.54399999999987
13,13,-50.138999999999214
12,14,-761.0029999999997
18,9,2723.477999999999
17,10,600.9099999999999
16,11,-267.79100000000017
15,12,513.4060000000009
14,13,53.1359999999986
13,14,-64.5049999999992
12,15,-449.03200000000004
19,9,1153.796000000002
18,10,459.7379999999994
17,11,-458.31500000000005
16,12,690.0540000000001
15,13,29.28099999999904
14,14,-532.7971099999995
13,15,-17.855999999999767
12,16,-526.797
20,9,2770.1900000000023
19,10,-470.1970000000001
18,11,-140.00599999999986
17,12,-92.36000000000058
16,13,-617.7619999999988
15,14,274.9184600000008
14,15,-62.84899999999834
13,16,-834.4229999999998
20,10,1180.119999999999
19,11,-1125.33
18,12,488.6270000000004
17,13,-944.116
16,14,-522.9619999999995
15,15,1239.1440000000002
14,16,-789.2540000000008
13,17,-1615.4520000000002
21,10,-1448.4060000000027
20,11,-563.9689999999991
19,12,-682.152
18,13,-330.70900000000074
17,14,-1349.0370000000003
16,15,389.45558000000165
15,16,587.469000000001
14,17,-1424.5519999999997
21,11,-1819.8480000000018
20,12,-138.90099999999995
19,13,-729.3680000000004
18,14,-647.6889999999985
17,15,-634.8760000000002
16,16,884.4628599999996
15,17,-634.7060000000001
14,18,-720.3519999999999
22,11,-1289.8869999999988
21,12,-737.1270000000004
20,13,432.6180000000004
19,14,-1184.3280000000013
18,15,-487.34999999999854
17,16,-905.8582999999999
16,17,-803.3400000000001
15,18,-524.2950000000001
23,11,-1149.8859999999986
22,12,-976.6759999999995
21,13,372.38099999999986
20,14,248.3159999999989
19,15,-838.7020000000011
18,16,-551.6889999999985
17,17,-720.0859999999993
16,18,-418.2930000000015
23,12,-1580.214
22,13,646.27
21,14,-301.47999999999956
20,15,-177.8090000000011
19,16,-876.2099999999991
18,17,-743.5319999999992
17,18,-1097.2890000000007
16,19,-1312.893
24,12,-939.8410000000003
23,13,400.384
22,14,733.875
21,15,-131.04499999999825
20,16,-44.14099999999962
19,17,-742.0080000000016
18,18,578.4579999999987
17,19,-2477.1820000000007
16,20,-751.1660000000002
25,12,-1378.5220000000008
24,13,1279.5640000000003
23,14,-1.5119999999997162
22,15,913.9880000000012
21,16,-196.42599999999948
20,17,-1301.5519999999997
19,18,812.3209999999999
18,19,719.7989999999991
17,20,-1716.0699999999997
24,14,749.701
23,15,-161.5650000000005
22,16,558.7839999999997
21,17,-758.1160000000018
20,18,1045.1730000000025
19,19,-840.7599999999984
18,20,691.4969999999994
25,14,-249.64800000000014
24,15,965.3639999999996
23,16,-162.67199999999866
22,17,69.78199999999924
21,18,-42.19499999999971
20,19,262.8046499999982
19,20,-152.70699999999852
18,21,-302.72600000000057
26,14,1166.8760000000002
25,15,-389.1890000000003
24,16,472.15000000000146
23,17,-107.8179999999993
22,18,580.1000300000014
21,19,-405.497000000003
20,20,13.597999999998137
19,21,-803.3529999999992
18,22,36.560999999999694
26,15,1220.2330000000002
25,16,-448.58000000000175
24,17,982.8080000000009
23,18,142.48999999999796
22,19,590.4512000000032
21,20,162.09199999999691
20,21,217.63999999999942
19,22,252.46099999999933
27,15,1111.842
26,16,-407.7479999999996
25,17,-351.77000000000044
24,18,1327.3220000000001
23,19,-32.03100000000268
22,20,1002.7070000000022
21,21,178.99699999999575
20,22,-874.3529999999992
27,16,-235.46099999999933
26,17,300.4900000000016
25,18,-499.8110000000015
24,19,934.6059999999998
23,20,-278.8729999999996
22,21,1501.8499999999985
21,22,1234.4089999999997
20,23,303.6419999999998
28,16,-194.2360000000008
27,17,-258.9730000000018
26,18,86.73999999999796
25,19,-1.4979999999995925
24,20,721.2699999999968
23,21,173.9649999999965
22,22,1111.413999999997
21,23,281.92099999999846
20,24,758.1010000000006
28,17,27.455999999998312
27,18,-340.8009999999995
26,19,604.3570000000036
25,20,117.7699999999968
24,21,677.6789999999964
23,22,689.7339999999967
22,23,1003.5590000000011
21,24,715.1990000000005
29,17,-414.9490000000005
28,18,-911.255000000001
27,19,-633.9289999999964
26,20,180.38999999999942
25,21,88.35700000000361
24,22,1681.7309999999998
23,23,-735.8969999999972
22,24,1408.4300000000003
21,25,182.2520000000004
29,18,-747.2740000000013
28,19,-651.9820000000036
27,20,-594.6650000000009
26,21,293.1580000000031
25,22,-277.612000000001
24,23,672.9300000000003
23,24,306.90699999999924
22,25,-216.3760000000002
30,18,-594.9269999999997
29,19,-354.48199999999997
28,20,-704.8680000000022
27,21,-274.0829999999987
26,22,1167.0480000000025
25,23,-768.0049999999974
24,24,1228.686999999998
23,25,-926.6440000000002
22,26,1151.4249999999993
30,19,68.50400000000081
29,20,-1490.002999999997
28,21,-492.4470000000001
27,22,245.98799999999756
26,23,-22.156999999999243
25,24,-102.35199999999895
24,25,-109.92500000000291
23,26,-300.72999999999956
31,19,-807.8529999999992
30,20,-479.2300000000032
29,21,-237.12000000000262
28,22,-1.8669999999983702
27,23,-643.239999999998
26,24,1118.6359999999986
25,25,-616.8859999999986
24,26,903.5400000000009
23,27,-1089.4029999999984
32,19,-515.4569999999985
31,20,-2132.3099999999977
30,21,179.6469999999972
29,22,-52.96499999999651
28,23,-633.1050000000032
27,24,289.2850000000035
26,25,-93.22499999999854
25,26,-349.1849999999977
24,27,457.85399999999936
33,19,-917.6280000000024
32,20,-1376.2719999999972
31,21,-383.5599999999977
30,22,262.3020000000033
29,23,-383.03199999999924
28,24,370.49199999999837
27,25,-651.3870000000024
26,26,327.90499999999884
25,27,-1013.9789999999994
24,28,130.14400000000023
34,19,-165.72199999999975
33,20,-3117.7069999999985
32,21,-249.5550000000003
31,22,-211.43299999999726
30,23,-141.6750000000029
29,24,252.3819999999978
28,25,-640.3499999999985
27,26,-7.483000000000175
26,27,300.62400000000343
25,28,-840.8270000000011
34,20,-2510.5869999999995
33,21,-397.9340000000011
32,22,556.1880000000019
31,23,-528.2669999999998
30,24,174.62099999999919
29,25,-978.247000000003
28,26,135.38500000000204
27,27,-1160.0679999999993
26,28,-288.3119999999981
35,20,-1530.375
34,21,577.8919999999998
33,22,27.531000000002678
32,23,104.8640000000014
31,24,29.675999999999476
30,25,-792.5420000000013
29,26,-321.42199999999866
28,27,-859.9959999999992
27,28,-855.961000000003
26,29,-395.4029999999984
36,20,-950.3899999999994
35,21,254.15199999999822
34,22,1247.0049999999974
33,23,-153.40099999999802
32,24,904.872000000003
31,25,-1041.6659999999974
30,26,-317.16300000000047
29,27,-950.5179999999964
28,28,-1207.6489999999976
27,29,-1019.7330000000002
36,21,1280.3470000000016
35,22,548.1520000000019
34,23,404.9369999999981
33,24,955.0149999999994
32,25,-356.27900000000227
31,26,-682.0169999999998
30,27,-945.6580000000031
29,28,-533.961000000003
28,29,-749.0140000000029
37,21,750.4310000000005
36,22,2122.3319999999985
35,23,-50.58400000000256
34,24,1278.1920000000027
33,25,-547.5679999999993
32,26,-295.27100000000064
31,27,-1227.2920000000013
30,28,-398.8709999999992
29,29,-727.8510000000024
28,30,-468.8709999999992
38,21,1980.4500000000007
36,23,869.3830000000016
35,24,1114.0690000000031
34,25,74.67199999999866
33,26,-234.95700000000215
32,27,-669.8380000000034
31,28,-926.8329999999987
30,29,-218.4539999999979
29,30,-55.677999999999884
38,22,2260.3019999999997
37,23,652.5979999999981
36,24,1321.5
35,25,-307.94600000000355
34,26,246.82600000000093
33,27,-940.4369999999981
32,28,-783.2430000000022
31,29,-885.2620000000024
30,30,-54.470000000001164
38,23,962.8790000000008
37,24,1223.4979999999996
36,25,637.8700000000026
35,26,119.49700000000303
34,27,-368.17899999999645
33,28,-732.0290000000023
32,29,-564.0630000000019
31,30,91.09399999999732
30,31,-134.66199999999662
39,23,366.83599999999933
38,24,1117.3890000000029
37,25,236.0350000000035
36,26,621.9429999999993
35,27,-884.3989999999976
34,28,-686.4400000000023
33,29,-907.5429999999978
32,30,81.91199999999662
31,31,-1467.0219999999972
40,23,779.8590000000004
39,24,821.7010000000009
38,25,892.9389999999985
37,26,584.3709999999992
36,27,-21.552999999999884
35,28,-682.8910000000033
34,29,-479.8680000000095
33,30,-213.42899999999645
32,31,-127.09999999999854
31,32,238.77900000000227
40,24,1150.0219999999972
39,25,740.9599999999991
38,26,610.4479999999967
37,27,-212.44200000000274
36,28,-149.03399999999965
35,29,-984.4179999999978
34,30,-224.0179999999964
33,31,-832.8269999999975
32,32,24.497000000003027
40,25,1092.6560000000027
39,26,582.0979999999981
38,27,74.79499999999825
37,28,-275.79600000000937
36,29,-33.67699999999604
35,30,-432.0239999999976
34,31,-307.48599999999715
33,32,481.77700000000186
32,33,212.94400000000314
41,25,929.6080000000002
40,26,472.1529999999984
39,27,21.45900000000256
38,28,73.70699999999488
37,29,-568.2890000000043
36,30,20.770999999993364
35,31,-1043.7289999999994
34,32,282.95900000000256
33,33,-935.0840000000026
41,26,1361.5840000000026
40,27,568.2169999999969
39,28,-382.6880000000019
38,29,300.4470000000001
37,30,-80.37600000000384
36,31,-149.15600000000268
35,32,-333.71800000000076
34,33,542.7679999999964
33,34,519.7059999999983
41,27,987.4089999999997
40,28,26.177999999999884
39,29,42.95699999999488
38,30,532.846000000005
37,31,-536.0540000000037
36,32,51.20100000000093
35,33,-364.52700000000186
34,34,70.55099999999948
42,27,1144.5529999999999
41,28,71.34399999999732
40,29,483.778999999995
39,30,282.0939999999973
38,31,82.17999999999302
37,32,299.32600000000093
36,33,387.81900000000314
35,34,405.28600000000006
34,35,260.5219999999972
43,27,785.0369999999966
42,28,526.1319999999978
41,29,273.6189999999988
40,30,685.2519999999931
39,31,-320.1499999999942
38,32,417.9640000000072
37,33,6.027000000001863
36,34,600.0999999999985
35,35,-935.6270000000004
44,27,1610.0699999999997
43,28,323.76400000000285
42,29,1198.8660000000018
41,30,311.2140000000072
40,31,510.87300000000687
39,32,573.3429999999935
38,33,406.7430000000022
37,34,723.4850000000006
36,35,547.5740000000005
35,36,252.78899999999703
44,28,933.9320000000007
43,29,476.9939999999988
42,30,574.5050000000047
41,31,351.71600000000035
40,32,644.0899999999965
39,33,240.19199999999546
38,34,381.8110000000015
37,35,48.25
36,36,569.4179999999978
45,28,441.84100000000035
44,29,1082.5550000000003
43,30,536.5890000000072
42,31,720.6570000000065
41,32,902.4679999999935
40,33,757.2430000000022
39,34,712.6040000000066
38,35,484.2129999999961
37,36,968.2419999999984
36,37,738.3890000000029
45,29,383.7869999999966
44,30,593.2799999999988
43,31,350.37399999999616
42,32,607.5489999999991
41,33,179.9360000000015
40,34,566.7899999999936
39,35,141.83900000000722
38,36,878.1560000000027
37,37,-1046.0160000000033
46,29,1069.7810000000027
45,30,451.08400000000256
44,31,479.3610000000044
43,32,103.02700000000186
42,33,585.7970000000059
41,34,340.5109999999986
40,35,512.9799999999959
39,36,546.3680000000095
38,37,381.2980000000025
37,38,-48.7019999999975
47,29,238.3729999999996
46,30,536.9760000000024
45,31,53.35199999999895
44,32,657.101999999999
43,33,548.6159999999945
42,34,448.04099999999744
41,35,-399.07799999999406
40,36,516.2939999999944
39,37,-549.0889999999999
38,38,232.3550000000032
48,29,1067.1719999999987
47,30,-99.20300000000134
46,31,557.648000000001
45,32,437.13000000000466
44,33,673.6659999999974
43,34,850.502999999997
42,35,495.1820000000007
41,36,-9.451000000000931
40,37,319.5000000000073
39,38,-73.4429999999993
49,29,610.525999999998
48,30,356.75800000000163
47,31,-404.0849999999991
46,32,707.9419999999955
45,33,193.02999999999884
44,34,754.0479999999952
43,35,-72.16800000000512
42,36,381.7170000000042
41,37,-625.426999999996
40,38,606.0509999999995
50,29,591.961000000003
49,30,-92.30200000000332
48,31,81.6449999999968
47,32,-87.17999999999302
46,33,753.9189999999944
45,34,602.5339999999997
44,35,131.93300000000454
43,36,287.7100000000064
42,37,287.2219999999943
41,38,-249.66399999998976
40,39,107.06500000000233
50,30,-78.61899999999878
49,31,-283.6750000000029
48,32,54.68600000000151
47,33,-124.60099999999511
46,34,750.5130000000063
45,35,-69.02499999999418
44,36,466.54499999999825
43,37,-385.4759999999951
42,38,238.5329999999958
41,39,-928.1619999999966
51,30,140.3309999999983
50,31,-327.96199999999953
49,32,-151.69500000000698
48,33,96.68600000000151
47,34,50.98099999999977
46,35,192.94899999999325
45,36,303.80100000000675
44,37,443.2960000000021
43,38,-8.134000000005472
42,39,307.0810000000056
41,40,15.582000000002154
52,30,186.04000000000087
51,31,-60.724999999998545
50,32,-315.07500000000437
49,33,-405.42699999999604
48,34,36.104999999995925
47,35,-378.67699999999604
46,36,598.2049100000004
45,37,102.18700000000536
44,38,199.93799999999464
43,39,-394.0969999999943
42,40,525.9369999999981
52,31,112.87099999999919
51,32,-116.44200000000274
50,33,-539.3310000000056
49,34,-220.54300000000512
48,35,-13.721000000005006
47,36,-60.64299999999639
46,37,689.3610000000044
45,38,-157.61599999999453
44,39,464.32799999999406
43,40,158.34100000000035
42,41,27.089999999996508
53,31,-354.1359999999986
52,32,-138.43499999999767
51,33,-343.567999999992
50,34,-587.7309999999998
49,35,-543.0939999999973
48,36,-59.34527000000526
47,37,-38.97500000000582
46,38,320.41999999999825
45,39,185.5610000000015
44,40,148.30800000000454
43,41,-633.8419999999969
54,31,55.940999999998894
53,32,-363.4270000000033
52,33,-159.15200000000186
51,34,-293.6450000000041
50,35,-715.4780000000028
49,36,-300.34100000000035
48,37,202.65935000000172
47,38,186.7100000000064
46,39,417.86900000000605
45,40,-445.1959999999963
44,41,800.3160000000062
43,42,-99.76000000000204
54,32,250.07299999999668
53,33,-512.1500000000015
52,34,-343.1750000000029
51,35,-402.2609999999986
50,36,-595.6759299999976
49,37,-1027.002999999997
48,38,-83.09977000000072
47,39,56.89999999999418
46,40,-19.023000000001048
45,41,-424.0610000000015
44,42,699.0729999999967
54,33,92.08600000000297
53,34,-666.1330000000016
52,35,-211.68499999999767
51,36,-539.5310000000027
50,37,-1147.801999999996
49,38,-450.076430000001
48,39,-338.38700000000244
47,40,-627.1469999999972
46,41,695.5069999999978
45,42,295.18300000000454
44,43,529.9479999999967
54,34,-314.20300000000134
53,35,-1115.9670000000042
52,36,-361.29499999999825
51,37,-1029.0040000000008
50,38,-1041.6287600000069
49,39,-729.028999999995
48,40,-78.87399999999616
47,41,98.44500000000698
46,42,333.4470000000001
45,43,-90.30099999999948
55,34,-512.398000000001
54,35,-464.27099999999336
53,36,-885.7949999999983
52,37,-632.3990000000049
51,38,-1009.025999999998
50,39,-1101.2020000000048
49,40,-227.97400000000198
48,41,194.24499999999534
47,42,-444.94400000000314
46,43,985.1429999999964
45,44,-69.42399999999907
56,34,-150.22299999999814
55,35,-890.3059999999969
54,36,-659.2590000000055
53,37,-1485.573000000004
52,38,-660.945000000007
51,39,-1376.9119999999966
50,40,-392.54700000000594
49,41,-531.5310000000027
48,42,67.48600000000442
47,43,-374.6959999999963
46,44,876.1990000000005
57,34,-390.1299999999974
56,35,-447.3009999999995
55,36,-933.974000000002
54,37,-745.0489999999991
53,38,-1241.949999999997
52,39,-841.3209999999963
51,40,-595.5920000000042
50,41,-238.0280000000057
49,42,21.16599999999744
48,43,-26.65700000000652
47,44,40.16700000000128
57,35,-462.8119999999981
56,36,-569.3289999999979
55,37,-1442.449999999997
54,38,-767.3709999999992
53,39,-1696.494000000006
52,40,-229.0240000000049
51,41,-423.2899999999936
50,42,41.413000000000466
49,43,-125.70299999999406
48,44,518.7890000000043
47,45,-439.09500000000116
46,46,350.90499999999884
58,35,99.76499999999942
57,36,-596.0020000000004
56,37,-799.8999999999942
55,38,-1365.8439999999973
54,39,-757.1549999999988
53,40,-1022.0280000000057
52,41,-12.839999999996508
51,42,-217.0789999999979
50,43,-206.11599999999453
49,44,193.27700000000186
48,45,-101.80999999999767
47,46,158.19000000000233
58,36,-247.77999999999884
57,37,-932.7909999999974
56,38,-1255.721000000005
55,39,-1971.4729999999981
54,40,-429.3319999999949
53,41,-829.0629999999946
52,42,-114.0789999999979
51,43,-128.33199999999488
50,44,-213.60199999999895
49,45,-37.62300000000687
48,46,287.7189999999973
59,36,-168.91999999999825
58,37,-180.3070000000007
57,38,-1367.2839999999997
56,39,-1287.9370000000054
55,40,-1299.9400000000023
54,41,-276.2719999999972
53,42,-611.872000000003
52,43,-161.35499999999593
51,44,-47.75900000000547
50,45,-480.61599999999453
49,46,614.0869999999995
60,36,338.3179999999993
59,37,-754.3510000000024
58,38,-668.2480000000069
57,39,-1809.9860000000044
56,40,-1298.8600000000006
55,41,-1102.8300000000017
54,42,-54.888999999995576
53,43,-421.64800000000105
52,44,-0.3849999999947613
51,45,-347.7320000000036
50,46,-23.419999999998254
49,47,118.35499999999593
61,36,666.5009999999966
60,37,350.8550000000032
59,38,-630.6739999999991
58,39,-575.4550000000017
57,40,-1756.6929999999993
56,41,-722.7970000000059
55,42,-354.6999999999971
54,43,305.5639999999985
53,44,-250.5639999999985
52,45,-377.5639999999985
51,46,-105.85199999999895
50,47,-454.02700000000186
49,48,105.97299999999814
61,37,-319.15200000000186
60,38,-272.3889999999956
59,39,-538.7480000000069
58,40,-731.7569999999978
57,41,-1154.6119999999937
56,42,-215.97999999999593
55,43,-192.21400000000722
54,44,65.12900000000081
53,45,-445.2189999999973
52,46,49.01499999999942
51,47,-286.4250000000029
50,48,-6.42500000000291
62,37,118.84999999999854
61,38,-878.5270000000019
60,39,-253.72999999999593
59,40,-556.6699999999983
58,41,-295.3439999999973
57,42,-140.10599999999977
56,43,412.13099999999395
55,44,-315.38499999999476
54,45,115.4780000000028
53,46,-162.86100000000442
52,47,-272.4829999999929
51,48,38.86800000000221
63,37,-915.8839999999982
62,38,-417.5049999999974
61,39,-1011.2409999999945
60,40,-152.73600000000442
59,41,-621.2459999999992
58,42,-83.028999999995
57,43,19.04899999999907
56,44,92.60899999999674
55,45,-291.13000000000466
54,46,167.32799999999406
53,47,-677.9689999999973
52,48,345.40499999999884
51,49,-68.14600000000064
50,50,-278.14600000000064
64,37,222.58299999999872
63,38,-814.913999999997
62,39,-564.7870000000039
61,40,-670.9869999999937
60,41,-241.48799999999756
59,42,10.047999999995227
58,43,295.4070000000065
57,44,21.887000000002445
56,45,347.5720000000001
55,46,-162.14500000000407
54,47,-284.38400000000547
53,48,-156.46600000000035
52,49,265.099000000002
51,50,-655.6240000000034
65,37,-702.3119999999981
64,38,-409.3110000000015
63,39,-1072.6410000000033
62,40,-481.42699999999604
61,41,-808.2649999999994
60,42,-160.86599999999453
59,43,-72.9210000000021
58,44,193.56500000000233
57,45,166.68399999999383
56,46,177.03699999999662
55,47,-636.7020000000048
54,48,230.29799999999523
53,49,-194.89599999999336
52,50,-24.89600000000064
64,39,-607.0339999999997
63,40,-958.9930000000022
62,41,-548.6670000000013
61,42,-464.3310000000056
60,43,-193.91999999999825
59,44,152.83199999999488
58,45,608.2949999999983
57,46,163.02000000000407
56,47,-222.70200000000477
55,48,-131.62600000000384
54,49,-142.3969999999972
64,40,-537.6599999999962
63,41,-1040.997000000003
62,42,-453.74800000000687
61,43,-398.9689999999973
60,44,144.2369999999937
59,45,230.65600000000268
58,46,284.87699999999313
57,47,-496.47000000000116
56,48,131.60899999999674
55,49,-352.6750000000029
54,50,272.9429999999993
52,52,-306.8309999999983
65,40,-978.2739999999976
64,41,-505.54700000000594
63,42,-780.7880000000005
62,43,-556.3029999999999
61,44,-34.54300000000512
60,45,608.7299999999959
59,46,252.09500000000116
58,47,-0.8479999999981374
57,48,26.15099999999802
56,49,39.41800000000512
55,50,-348.00100000000384
54,51,-75.4910000000018
53,52,-261.5089999999982
65,41,-862.6779999999999
64,42,-468.002999999997
63,43,-1056.252999999997
62,44,-223.25299999999697
61,45,217.34399999999732
60,46,422.4569999999949
59,47,-362.3990000000049
58,48,-32.153000000005704
57,49,-348.1499999999942
56,50,-83.69800000000396
55,51,-603.3010000000068
54,52,510.2410000000018
66,41,-143.8050000000003
65,42,-684.9750000000058
64,43,-569.9670000000042
63,44,-532.5650000000023
62,45,326.2890000000043
61,46,567.346000000005
60,47,143.3000000000029
59,48,-50.32499999999709
58,49,-156.66700000000128
57,50,-312.2390000000014
56,51,-223.24800000000687
67,41,-345.1979999999967
66,42,-279.29700000000594
65,43,-522.8310000000056
64,44,-391.403999999995
63,45,-171.15600000000268
62,46,425.7850000000035
61,47,33.20799999999872
60,48,67.57700000000477
59,49,-499.82799999999406
58,50,-339.94899999999325
57,51,-395.34100000000035
56,52,498.32399999999325
54,54,67.64299999999639
68,41,160.1999999999971
67,42,-139.2850000000035
66,43,-342.82799999999406
65,44,-458.45500000000175
64,45,10.748999999996158
63,46,413.51600000000326
62,47,390.56900000000314
61,48,55.669999999998254
60,49,10.474000000001979
59,50,-230.17999999999302
58,51,-260.9860000000044
57,52,334.6009999999951
56,53,767.4950000000026
55,54,300.4539999999979
69,41,-389.91399999999703
68,42,74.18600000000151
67,43,-624.5639999999985
66,44,-252.62900000000081
65,45,-238.6929999999993
64,46,219.096000000005
63,47,342.69400000000314
62,48,212.03100000000268
61,49,-129.96899999999732
60,50,-511.9930000000022
59,51,-519.7449999999953
58,52,110.17900000000373
57,53,372.1560000000027
56,54,1087.3640000000014
69,42,20.18699999999808
68,43,-104.67500000000291
67,44,-215.3249999999971
66,45,-173.87099999999919
65,46,404.1140000000014
64,47,464.5529999999999
63,48,217.75299999999697
62,49,-62.05000000000291
61,50,-448.5810000000056
60,51,-276.747000000003
59,52,22.513000000006286
58,53,536.2049999999945
69,43,-488.932000000008
68,44,-140.87300000000687
67,45,-401.05199999999604
66,46,28.960999999995693
65,47,516.2709999999934
64,48,285.1429999999964
63,49,-180.12699999999313
62,50,-525.0489999999991
61,51,-478.97299999999814
60,52,42.48200000000361
59,53,256.6609999999928
58,54,1053.6520000000019
70,43,118.45100000000093
69,44,-277.81600000000617
68,45,-386.94400000000314
67,46,9.5
66,47,383.1750000000029
65,48,486.7140000000072
64,49,32.87699999999313
63,50,-408.1290000000008
62,51,-276.96600000000035
61,52,-197.03699999999662
60,53,480.4829999999929
59,54,976.3740000000034
58,55,1065.461000000003
71,43,-280.2940000000017
70,44,88.78699999999662
69,45,-340.2749999999942
68,46,-40.346000000005006
67,47,399.1889999999985
66,48,265.06600000000617
65,49,280.1929999999993
64,50,-499.7350000000006
63,51,-286.61599999999453
62,52,-139.67600000000675
61,53,281.0650000000023
60,54,744.1009999999951
59,55,904.0720000000001
58,56,1234.563000000002
71,44,-55.296000000002095
70,45,-289.2280000000028
69,46,234.17799999999988
68,47,357.41300000000047
67,48,65.52000000000407
66,49,313.6429999999964
65,50,-423.846000000005
64,51,-173.41199999999662
63,52,377.2329999999929
62,53,432.195000000007
61,54,803.2430000000022
72,44,181.08299999999872
71,45,-315.74199999999837
70,46,-11.025999999998021
69,47,477.3359999999957
68,48,147.5109999999986
67,49,-89.75800000000163
66,50,-245.97900000000664
65,51,-142.02000000000407
64,52,-43.79300000000512
63,53,309.346000000005
62,54,553.1230000000069
73,44,230.12900000000081
72,45,-156.75800000000163
71,46,-103.88999999999942
70,47,408.0819999999949
69,48,421.6030000000028
68,49,136.9649999999965
67,50,-117.74199999999837
66,51,170.4360000000015
65,52,154.5
64,53,781.4320000000007
63,54,724.6530000000057
62,55,756.8990000000049
61,56,672.0939999999973
73,45,-216.8399999999965
72,46,61.6420000000071
71,47,-93.80199999999604
70,48,-141.6490000000049
69,49,251.82300000000396
68,50,57.15700000000652
67,51,113.7960000000021
66,52,149.24199999999837
65,53,798.9440000000031
64,54,650.9330000000045
63,55,460.62300000000687
74,45,67.19799999999668
73,46,672.7229999999981
72,47,404.24099999999453
71,48,363.0610000000015
70,49,251.3420000000042
69,50,25.014999999999418
68,51,554.4609999999957
67,52,527.4609999999957
66,53,862.2690000000002
65,54,755.5120000000024
64,55,754.9389999999985
63,56,469.90400000000227
74,46,180.39599999999336
73,47,278.48799999999756
72,48,-87.36500000000524
71,49,502.25900000000547
70,50,322.25900000000547
69,51,472.86699999999837
68,52,237.8399999999965
67,53,892.8399999999965
66,54,667.5660000000062
65,55,581.3509999999951
64,56,731.3509999999951
76,45,469.8660000000018
75,46,187.66300000000047
74,47,337.1689999999944
73,48,356.16300000000047
72,49,575.4070000000065
71,50,353.37399999999616
70,51,940.8429999999935
69,52,316.8889999999956
68,53,514.3509999999951
67,54,909.002999999997
66,55,957.6579999999958
65,56,65.1530000000057
76,46,383.8309999999983
75,47,103.88199999999779
74,48,37.61599999999453
73,49,848.6389999999956
72,50,320.04700000000594
71,51,675.7949999999983
70,52,416.7179999999935
69,53,660.7179999999935
68,54,545.0120000000024
67,55,775.2309999999998
66,56,611.0479999999952
77,46,610.2520000000004
76,47,71.41899999999441
75,48,555.8169999999955
74,49,720.9660000000003
73,50,625.3169999999955
72,51,697.1100000000006
71,52,419.0219999999972
70,53,417.4119999999966
69,54,781.7419999999984
68,55,876.3429999999935
67,56,845.0369999999966
77,47,-99.95100000000093
76,48,50.56399999999849
75,49,1052.2219999999943
74,50,408.5249999999942
73,51,610.9309999999969
72,52,365.8579999999929
71,53,105.44500000000698
70,54,412.59500000000116
69,55,558.9400000000023
68,56,610.2140000000072
67,57,561.3830000000016
78,47,220.06099999999424
77,48,-28.089999999996508
76,49,877.6919999999955
75,50,486.3429999999935
74,51,734.9060000000027
73,52,158.2060000000056
72,53,243.9759999999951
71,54,130.63899999999558
70,55,660.2580000000016
69,56,811.0240000000049
68,57,610.5080000000016
78,48,224.27300000000105
77,49,1090.6230000000069
76,50,214.86500000000524
75,51,396.86500000000524
74,52,315.8319999999949
73,53,89.50400000000081
72,54,303.6131299999979
71,55,339.31699999999546
70,56,570.0869999999995
69,57,156.5240000000049
68,58,319.4349999999977
79,48,238.80100000000675
78,49,1000.1030000000028
77,50,240.42200000000594
76,51,611.7060000000056
75,52,449.502999999997
74,53,156.7829999999958
73,54,319.11699999999837
72,55,439.97299999999814
71,56,682.0449999999983
70,57,543.8840000000055
69,58,540.6560000000027
80,48,-158.24499999999534
79,49,619.8830000000016
78,50,548.570000000007
77,51,370.14800000000105
76,52,96.20600000000559
75,53,281.97000000000116
74,54,249.46572999999626
73,55,168.22699999999895
72,56,440.8439999999973
71,57,254.5610000000015
70,58,496.0749999999971
69,59,249.23600000000442
81,48,1507.857999999993
80,49,25.111000000004424
79,50,299.4030000000057
78,51,670.6159999999945
77,52,465.11599999999453
76,53,122.82399999999325
75,54,453.9302500000049
74,55,410.9499999999971
73,56,419.13400000000547
72,57,456.45900000000256
71,58,622.4959999999992
70,59,696.4339999999938
82,48,1072.4029999999984
81,49,1483.4700000000012
80,50,7.782999999995809
79,51,254.31299999999464
78,52,347.0399999999936
77,53,263.81200000000536
76,54,149.52599999999802
75,55,180.24599999999919
74,56,273.224000000002
73,57,252.62600000000384
72,58,397.08699999999953
71,59,474.5359999999928
70,60,83.7609999999986
83,48,1498.239999999998
82,49,725.630999999994
81,50,1005.4210000000021
80,51,738.5880000000034
79,52,308.9780000000028
78,53,107.27300000000105
77,54,366.4250800000009
76,55,214.42600000000675
75,56,381.0420000000013
74,57,400.7350000000006
73,58,361.55199999999604
72,59,679.3359999999957
71,60,461.9600000000064
84,48,884.5710000000036
83,49,158.44600000000355
82,50,203.44599999999627
81,51,504.7179999999935
80,52,331.8029999999999
79,53,-103.50199999999313
78,54,111.02548999999999
77,55,337.3070000000007
76,56,185.0969999999943
75,57,376.42200000000594
74,58,281.31200000000536
73,59,352.5359999999928
72,60,284.1849999999977
83,50,786.1100000000006
82,51,736.4869999999937
81,52,702.8669999999984
80,53,-67.30199999999604
79,54,116.41700000000128
78,55,229.0570000000007
77,56,496.48799999999756
76,57,405.6079999999929
75,58,221.77700000000186
74,59,452.40899999999965
73,60,277.61999999999534
72,61,342.3470000000016
84,50,556.2409999999945
83,51,600.9959999999992
82,52,506.24800000000687
81,53,366.5599999999977
80,54,44.16556999999739
79,55,58.8350000000064
78,56,49.99800000000687
77,57,171.34100000000035
76,58,247.10199999999895
75,59,42.0
74,60,223.5570000000007
73,61,116.09200000000419
85,50,557.7479999999996
84,51,1169.6680000000051
83,52,541.2100000000064
82,53,-59.179999999993015
81,54,326.63499999999476
80,55,-31.956000000005588
79,56,9.345000000001164
78,57,226.54200000000128
77,58,373.69199999999546
76,59,184.12799999999697
75,60,126.38000000000466
74,61,527.6710000000021
73,62,112.77799999999843
85,51,613.1100000000079
84,52,414.721000000005
83,53,-25.22500000000582
82,54,370.83000000000175
81,55,51.145000000004075
80,56,-117.0789999999979
79,57,-87.48799999999756
78,58,11.44999999999709
77,59,179.5789999999979
76,60,160.70299999999406
75,61,330.0770000000048
74,62,129.1009999999951
86,51,1209.6080000000002
85,52,-23.762000000002445
84,53,193.7320000000036
83,54,246.5859999999957
82,55,-85.7719999999972
81,56,138.59900000000198
80,57,-60.86500000000524
79,58,1.235000000000582
78,59,78.18600000000151
77,60,246.03100000000268
76,61,397.1420000000071
75,62,-41.654999999998836
74,63,384.09599999999773
86,52,254.00500000000466
85,53,-379.9100000000035
84,54,107.75599999999395
83,55,52.971999999994296
82,56,138.19400000000314
81,57,16.59200000000419
80,58,-195.86699999999837
79,59,-58.86699999999837
78,60,-97.1820000000007
77,61,225.63000000000466
76,62,12.228000000002794
75,63,280.3240000000005
87,52,-15.080000000001746
86,53,89.03599999999278
85,54,-224.5859999999957
84,55,-111.08800000000338
83,56,36.08199999999488
82,57,117.61900000000605
81,58,-147.74099999999453
80,59,-188.65200000000186
79,60,-136.92999999999302
78,61,-91.0280000000057
77,62,99.77099999999336
76,63,131.94900000000052
88,52,142.55099999999948
87,53,-166.22299999999814
86,54,-36.46099999999569
85,55,-439.73799999999756
84,56,-47.904999999998836
83,57,-12.05899999999383
82,58,125.77300000000105
81,59,-86.22699999999895
80,60,-417.2459999999992
79,61,-412.0460000000021
78,62,-245.94500000000698
77,63,-5.945000000006985
76,64,-302.2779999999984
75,65,77.72200000000157
88,53,273.33400000000256
87,54,-17.30899999999383
86,55,42.64900000000489
85,56,-372.49199999999837
84,57,-79.84399999999732
83,58,-191.05800000000454
82,59,135.4670000000042
81,60,48.479999999995925
80,61,-292.9320000000007
79,62,-153.95900000000256
78,63,14.353000000002794
77,64,-74.23099999999977
76,65,139.15699999999924
89,53,47.03100000000268
88,54,350.35199999999895
87,55,-314.55599999999686
86,56,-142.2569999999978
85,57,-613.9499999999971
84,58,-282.89599999999336
83,59,-176.36699999999837
82,60,-80.05499999999302
81,61,-101.53599999999278
80,62,-631.929999999993
79,63,-668.929999999993
78,64,-319.5219999999972
77,65,40.478000000002794
89,54,147.1180000000022
88,55,294.48099999999977
87,56,-297.20500000000175
86,57,-101.46700000000419
85,58,-596.377999999997
84,59,-138.1999999999971
83,60,-482.3099999999977
82,61,-80.66400000000431
81,62,-77.13499999999476
80,63,-421.3110000000015
79,64,-561.3110000000015
78,65,-39.192000000002736
77,66,171.05099999999948
90,54,727.6990000000005
89,55,-71.36200000000099
88,56,-17.130000000004657
87,57,-519.6600000000035
86,58,-281.94199999999546
85,59,-710.5880000000034
84,60,-468.0280000000057
83,61,-456.11599999999453
82,62,-235.62600000000384
81,63,-289.1750000000029
80,64,-829.5109999999986
79,65,-568.1880000000019
78,66,-140.09100000000035
77,67,220.47899999999936
91,54,256.66300000000047
90,55,705.5760000000009
89,56,-136.18300000000454
88,57,-65.32499999999709
87,58,-367.05899999999383
86,59,-165.99000000000524
85,60,-812.0040000000008
84,61,-287.50599999999395
83,62,-771.4070000000065
82,63,68.47599999999511
81,64,-326.62600000000384
80,65,-839.6929999999993
79,66,-412.6070000000036
78,67,249.88700000000244
92,54,1155.050000000003
91,55,119.62000000000262
90,56,363.73100000000704
89,57,-571.1739999999991
88,58,-5.868000000002212
87,59,-353.4860000000044
86,60,-585.9159999999974
85,61,-934.3600000000006
84,62,-726.3600000000006
83,63,-727.6030000000028
82,64,-545.823000000004
81,65,-353.64400000000023
80,66,-734.9279999999999
79,67,281.77300000000105
78,68,77.98099999999977
92,55,1119.9270000000033
91,56,475.96399999999994
90,57,231.6030000000028
89,58,-73.90200000000186
88,59,215.90700000000652
87,60,-566.7939999999944
86,61,-421.98399999999674
85,62,-1096.0479999999952
84,63,-464.6110000000044
83,64,-1036.9279999999999
82,65,-422.67399999999907
81,66,-296.04699999999866
80,67,-377.1010000000024
79,68,-77.81399999999849
78,69,195.59300000000076
93,55,1139.050000000003
92,56,655.0889999999999
91,57,151.25800000000163
90,58,131.57600000000093
89,59,-285.4520000000048
88,60,-88.06600000000617
87,61,-635.8769999999931
86,62,-756.0669999999955
85,63,-1297.4820000000036
84,64,-839.4189999999944
83,65,-876.9470000000001
82,66,-409.3969999999972
81,67,-211.16599999999744
80,68,-418.997000000003
79,69,-335.03399999999965
93,56,639.3799999999974
92,57,670.0789999999979
91,58,200.0789999999979
90,59,190.62699999999313
89,60,64.46499999999651
88,61,185.596000000005
87,62,-645.898000000001
86,63,-461.31699999999546
85,64,-1317.1729999999952
84,65,-368.6389999999956
83,66,-893.9900000000052
82,67,-165.85399999999936
81,68,-151.62099999999919
94,56,790.2010000000009
93,57,368.8530000000028
92,58,243.13700000000244
91,59,-440.50900000000547
90,60,120.04899999999907
89,61,202.6640000000043
88,62,-151.3359999999957
87,63,-462.36900000000605
86,64,-824.0510000000068
85,65,-1145.7890000000043
84,66,-699.6180000000022
83,67,-825.8919999999998
82,68,-341.3229999999967
94,57,919.6610000000001
93,58,54.942000000002736
92,59,-329.68099999999686
91,60,-183.18300000000454
90,61,123.74000000000524
89,62,153.52000000000407
88,63,336.90200000000186
87,64,-728.9199999999983
86,65,-183.54099999999744
85,66,-1082.3880000000063
84,67,-182.74599999999919
83,68,-676.2900000000009
82,69,-101.61299999999756
81,70,-42.35199999999895
93,59,-668.0699999999997
92,60,-399.66300000000047
91,61,-434.4679999999935
90,62,27.023000000001048
89,63,321.5
88,64,-127.30400000000373
87,65,-437.3040000000037
86,66,-737.9630000000034
85,67,-714.6359999999986
84,68,-330.21800000000076
83,69,-680.2790000000023
82,70,-90.3859999999986
94,59,-368.48999999999796
93,60,-590.3800000000047
92,61,-368.002999999997
91,62,-30.05899999999383
90,63,112.53399999999965
89,64,217.05599999999686
88,65,-13.610000000000582
87,66,-653.1970000000001
86,67,-72.07400000000052
85,68,-626.6820000000007
84,69,-192.61000000000058
82,71,-155.46199999999953
95,59,-629.601999999999
94,60,-319.6019999999917
93,61,-746.601999999999
92,62,-245.5639999999985
91,63,-158.36699999999837
90,64,-46.3579999999929
89,65,173.29300000000512
88,66,-234.01499999999942
87,67,-329.377999999997
86,68,-494.974000000002
85,69,-447.1419999999998
84,70,-102.09300000000076
96,59,-305.3349999999991
95,60,-823.7960000000021
94,61,-630.005999999994
93,62,-341.2060000000056
92,63,-148.33699999999953
91,64,-40.29799999999523
90,65,29.561000000001513
89,66,-5.938999999998487
88,67,190.20100000000093
87,68,-569.1719999999987
86,69,294.0789999999979
85,70,-292.6140000000014
84,71,184.94400000000314
97,59,-459.3070000000007
96,60,-402.1299999999974
95,61,-1236.8470000000016
94,62,-390.7350000000006
93,63,-542.8439999999973
92,64,-255.33299999999872
91,65,-11.009999999994761
90,66,-99.3859999999986
89,67,21.596999999994296
88,68,-331.68299999999726
87,69,-294.4170000000013
86,70,-155.53800000000047
85,71,-399.5500000000029
84,72,-99.51400000000285
98,59,-84.80599999999686
97,60,-664.1169999999984
96,61,-747.1160000000018
95,62,-717.653999999995
94,63,-459.13400000000547
93,64,-263.89599999999336
92,65,-153.84799999999814
91,66,-24.668999999994412
90,67,197.1380000000063
89,68,-83.64800000000105
88,69,390.72099999999773
87,70,-319.9119999999966
86,71,460.1820000000007
84,73,384.0519999999997
98,60,-195.1229999999996
97,61,-1126.1429999999964
96,62,-371.84900000000926
95,63,-900.4609999999957
94,64,-309.9689999999973
93,65,-390.88300000000163
92,66,-137.15200000000186
91,67,152.60400000000664
90,68,-73.81499999999505
89,69,176.8000000000029
88,70,-259.6200000000026
87,71,17.80000000000291
86,72,37.60100000000239
99,60,-264.0069999999978
98,61,-504.3510000000024
97,62,-607.849000000002
96,63,-503.3859999999986
95,64,-621.8570000000036
94,65,-272.5819999999949
93,66,-217.22000000000116
92,67,10.380000000004657
91,68,88.88000000000466
90,69,299.59599999999773
89,70,56.483000000000175
88,71,401.39100000000326
87,72,-82.60599999999977
86,73,90.84300000000076
100,60,-54.51499999999942
99,61,-624.6390000000029
98,62,-263.17199999999866
97,63,-903.4490000000005
96,64,-492.0599999999977
95,65,-796.474000000002
94,66,-352.4250000000029
93,67,7.57499999999709
92,68,-74.17600000000675
91,69,238.96300000000338
90,70,-123.22699999999895
89,71,190.05799999999726
88,72,-118.74700000000303
87,73,-43.69999999999709
86,74,90.92699999999968
100,61,-356.58899999999994
99,62,-262.04299999999785
98,63,-541.6010000000024
97,64,-676.1419999999998
96,65,-471.7780000000057
95,66,-455.49400000000605
94,67,-126.29399999999441
93,68,138.7019999999975
92,69,101.28500000000349
91,70,125.75200000000041
90,71,307.650999999998
89,72,-75.81700000000274
88,73,161.4250000000029
86,75,187.1800000000003
100,62,-139.05299999999988
99,63,-742.9440000000031
98,64,-480.72000000000116
97,65,-1129.5479999999952
96,66,-451.1689999999944
95,67,-490.56299999999464
94,68,-124.2100000000064
93,69,-157.4820000000036
92,70,88.83699999999953
91,71,108.2410000000018
90,72,-148.42599999999948
89,73,88.59500000000116
88,74,-49.216999999996915
101,62,-679.612000000001
100,63,-443.81900000000314
99,64,-548.5910000000003
98,65,-565.7540000000008
97,66,-580.8579999999929
96,67,-328.02700000000186
95,68,-77.41300000000047
94,69,51.586999999999534
93,70,336.122000000003
92,71,248.58499999999913
91,72,110.68000000000029
90,73,295.3660000000018
89,74,41.56100000000151
88,75,37.74699999999939
102,62,-135.3139999999985
101,63,-1082.1460000000006
100,64,-363.6880000000019
99,65,-724.9830000000002
98,66,-607.6490000000049
97,67,-500.51699999999255
96,68,-142.57300000000396
95,69,-178.9429999999993
94,70,137.8289999999979
93,71,417.62400000000343
92,72,-58.35599999999977
91,73,107.19499999999971
90,74,-195.5550000000003
89,75,-152.4409999999989
88,76,95.27699999999822
102,63,-449.1030000000028
101,64,-945.7819999999992
100,65,-698.849000000002
99,66,-572.288999999997
98,67,-538.0169999999998
97,68,-131.3530000000028
96,69,-160.0239999999976
95,70,324.612000000001
94,71,497.7520000000004
93,72,314.487000000001
92,73,162.12799999999697
91,74,-81.3159999999989
90,75,-9.352999999999156
102,64,-240.92599999999948
101,65,-988.7779999999984
100,66,-384.47099999999773
99,67,-670.3389999999999
98,68,-244.14499999998952
97,69,-106.4780000000028
96,70,136.2940000000017
95,71,559.012999999999
94,72,151.0109999999986
93,73,442.22000000000116
92,74,-257.47099999999773
91,75,-147.33499999999913
90,76,-51.52600000000166
103,64,-365.7320000000036
102,65,-603.0820000000022
101,66,-861.4510000000009
100,67,-349.45900000000256
99,68,-289.2560000000012
98,69,-133.11699999999837
97,70,150.09999999999854
96,71,483.7189999999973
95,72,472.2390000000014
94,73,458.9360000000015
93,74,16.788000000000466
91,76,101.13999999999942
90,77,547.5519999999997
103,65,-731.1809999999969
102,66,-368.39800000000105
101,67,-749.2309999999998
100,68,-179.23099999999977
99,69,-272.3790000000008
98,70,80.13300000000163
97,71,137.16799999999785
96,72,269.4429999999993
95,73,406.08699999999953
94,74,17.06999999999971
93,75,-114.88900000000285
92,76,-184.99499999999898
91,77,463.77000000000044
90,78,69.92200000000048
103,66,-496.01000000000204
102,67,-386.01000000000204
101,68,-521.1630000000005
100,69,-104.65400000000227
99,70,174.47299999999814
98,71,277.47299999999814
97,72,443.1050000000032
96,73,659.5650000000023
95,74,172.1339999999982
94,75,-79.24700000000303
93,76,47.01599999999962
92,77,356.5839999999989
103,67,-677.5140000000029
102,68,-97.51400000000285
101,69,-685.3139999999985
100,70,96.07100000000355
99,71,223.76600000000326
98,72,206.13999999999942
97,73,422.33000000000175
96,74,139.19600000000355
95,75,76.00400000000081
94,76,-105.69200000000274
92,78,-29.201999999999316
104,67,-207.82200000000012
103,68,-217.82200000000012
102,69,-120.27100000000064
101,70,-326.8179999999993
100,71,371.5350000000035
99,72,428.6489999999976
98,73,569.7209999999977
97,74,-36.095000000001164
96,75,239.7149999999965
95,76,362.76200000000244
94,77,397.97000000000116
93,78,103.4310000000005
92,79,527.6970000000001
104,68,-112.57800000000134
103,69,-463.55399999999645
102,70,-55.45599999999831
101,71,-226.07600000000093
100,72,287.7679999999964
99,73,380.0169999999998
98,74,232.8090000000011
97,75,53.16100000000006
96,76,56.35899999999674
95,77,380.6270000000004
94,78,-156.66999999999825
93,79,371.9889999999996
92,80,-121.3610000000001
104,69,-176.06700000000274
103,70,-171.23399999999674
102,71,108.98599999999715
101,72,28.209999999999127
100,73,563.4570000000022
99,74,472.612000000001
98,75,476.1299999999974
97,76,-98.25
96,77,461.5440000000017
95,78,243.24199999999837
94,79,387.9830000000002
105,69,-604.5210000000006
104,70,-54.52100000000064
103,71,-130.29200000000128
102,72,355.4170000000013
101,73,219.22899999999936
100,74,352.90699999999924
99,75,526.8989999999976
98,76,104.61699999999837
97,77,184.06299999999828
96,78,92.39199999999983
94,80,-201.01699999999983
106,69,-30.555999999996857
105,70,-235.55599999999686
104,71,-15.677999999999884
103,72,328.237000000001
102,73,611.3470000000016
101,74,97.19999999999709
100,75,401.6880000000019
99,76,384.6399999999994
98,77,375.4890000000014
97,78,251.3159999999989
96,79,656.3139999999985
95,80,-9.443000000000211
107,69,-171.32200000000012
106,70,148.67799999999988
105,71,-202.33299999999872
104,72,273.5720000000001
103,73,384.6209999999992
102,74,398.3919999999998
101,75,527.1100000000006
100,76,278.8159999999989
99,77,858.0769999999975
98,78,236.08199999999852
97,79,399.03299999999945
96,80,-234.6389999999992
95,81,-385.27200000000005
107,70,-76.40400000000227
106,71,286.0970000000016
105,72,269.2549999999974
104,73,435.2549999999974
103,74,418.26900000000023
102,75,600.8249999999971
101,76,243.55200000000332
100,77,832.5749999999971
99,78,599.5629999999983
98,79,684.2639999999992
97,80,-55.82300000000032
96,81,-90.10300000000007
108,70,72.86099999999715
107,71,-257.8810000000012
106,72,624.6339999999982
104,74,442.9340000000011
103,75,336.54299999999785
102,76,435.7569999999978
101,77,715.6860000000015
100,78,282.5139999999992
99,79,1146.9710000000014
98,80,-15.345999999999549
96,82,-326.6289999999999
108,71,140.987000000001
107,72,36.96399999999994
106,73,502.5440000000017
105,74,384.752999999997
104,75,645.6880000000019
103,76,549.8629999999976
102,77,898.2810000000027
101,78,361.87300000000323
100,79,901.4279999999999
99,80,757.0760000000009
98,81,420.3680000000004
97,82,-68.39199999999983
109,71,-206.4760000000024
108,72,590.5239999999976
107,73,-203.63100000000122
106,74,473.7569999999978
105,75,472.6359999999986
104,76,453.8020000000033
103,77,892.4700000000012
102,78,370.125
101,79,894.3539999999994
100,80,159.487000000001
99,81,869.5619999999999
98,82,-191.06899999999996
110,71,172.58600000000297
109,72,347.0420000000013
108,73,270.9360000000015
107,74,-63.94499999999971
106,75,362.5880000000034
105,76,390.03199999999924
104,77,826.9649999999965
103,78,528.502999999997
102,79,938.8600000000006
101,80,258.8729999999996
100,81,131.2510000000002
99,82,669.3690000000001
110,72,550.3640000000014
109,73,159.31500000000233
108,74,153.85599999999977
107,75,-46.14400000000023
106,76,400.89100000000326
105,77,528.3179999999993
104,78,421.58000000000175
103,79,826.0240000000013
102,80,193.1150000000016
101,81,462.78700000000026
100,82,15.444000000000415
112,71,233.8859999999986
111,72,366.45300000000134
110,73,376.45300000000134
109,74,164.33699999999953
108,75,110.33699999999953
107,76,-133.76000000000204
106,77,597.862000000001
105,78,526.8029999999999
104,79,878.5119999999988
103,80,585.3450000000012
102,81,312.7390000000014
101,82,289.9920000000002
112,72,720.5469999999987
111,73,140.54699999999866
110,74,274.54699999999866
109,75,90.18099999999686
108,76,47.43499999999767
107,77,-10.855000000003201
106,78,477.51400000000285
105,79,581.2860000000001
104,80,265.21299999999974
103,81,866.6450000000004
102,82,178.41400000000067
113,72,340.19600000000355
112,73,305.6290000000008
111,74,292.1290000000008
110,75,340.95300000000134
109,76,224.09199999999691
108,77,214.44200000000274
107,78,41.85599999999977
106,79,741.8499999999985
105,80,546.3489999999983
104,81,352.255000000001
103,82,798.7890000000007
114,72,495.78600000000006
113,73,-47.60199999999895
112,74,231.39800000000105
111,75,92.68000000000029
110,76,199.96800000000076
109,77,377.65000000000146
108,78,335.5529999999999
107,79,15.144000000000233
106,80,-19.059000000001106
105,81,17.06000000000131
104,82,209.10299999999916
103,83,1684.5030000000002
102,84,911.531
114,73,154.4499999999971
113,74,-44.04400000000169
112,75,243.4519999999975
111,76,170.98500000000058
110,77,150.6229999999996
109,78,14.639000000002852
108,79,301.22000000000116
107,80,-38.508999999998196
106,81,65.40799999999945
105,82,453.0450000000001
104,83,1266.7250000000004
103,84,1073.808
114,74,12.12000000000262
113,75,-96.87999999999738
112,76,-127.30099999999948
111,77,25.044999999998254
110,78,9.029999999998836
109,79,98.68500000000131
108,80,-48.35099999999875
107,81,-76.40299999999843
106,82,-71.02400000000125
105,83,1285.1999999999998
104,84,625.622
114,75,10.902999999998428
113,76,-26.802000000003318
112,77,-109.65200000000186
111,78,320.59500000000116
110,79,298.0420000000013
109,80,353.6219999999994
108,81,13.895000000000437
107,82,245.98099999999977
106,83,865.3359999999993
105,84,908.0039999999999
116,74,-368.83200000000215
115,75,-353.0149999999994
114,76,-507.8249999999971
113,77,-123.6140000000014
112,78,-146.50400000000081
111,79,246.45999999999913
110,80,-170.625
109,81,213.7639999999992
108,82,-76.60699999999997
107,83,544.0939999999991
106,84,407.29200000000037
117,74,-306.1759999999995
116,75,-340.4080000000031
115,76,-625.2390000000014
114,77,-288.82600000000093
113,78,151.66399999999703
112,79,202.0899999999965
111,80,148.15100000000166
110,81,-52.95100000000093
109,82,28.757000000001426
108,83,260.64899999999943
107,84,341.26900000000023
106,85,1323.913
117,75,-368.82800000000134
116,76,-822.3029999999999
115,77,-255.63100000000122
114,78,-308.52500000000146
113,79,147.8159999999989
112,80,-111.48099999999977
111,81,267.7510000000002
110,82,-71.84600000000137
109,83,425.46299999999974
108,84,73.51700000000073
107,85,875.7420000000002
118,75,-301.6409999999996
117,76,-994.400999999998
116,77,-486.3050000000003
115,78,50.32299999999668
114,79,-34.828999999997905
113,80,37.83499999999913
112,81,-147.21800000000076
111,82,320.744999999999
110,83,175.43699999999808
109,84,334.6980000000003
108,85,772.677
107,86,622.9200000000001
118,76,-705.1759999999995
117,77,-621.7760000000017
116,78,-490.1010000000024
115,79,-261.9500000000007
114,80,-143.95200000000114
113,81,-47.49799999999959
112,82,-287.8660000000018
111,83,336.97999999999956
110,84,175.3829999999998
109,85,513.51
108,86,374.6239999999998
119,76,-561.5960000000014
118,77,-572.3179999999993
117,78,-353.8780000000006
116,79,-267.06100000000515
115,80,76.65799999999945
114,81,-355.2920000000013
113,82,511.96099999999933
112,83,74.4330000000009
111,84,63.344999999999345
110,85,379.701
109,86,610.2849999999999
120,76,-347.1229999999996
119,77,-675.5220000000008
118,78,-514.5379999999968
117,79,-468.71800000000076
116,80,-525.9439999999995
115,81,43.401999999998225
114,82,-158.23400000000038
113,83,190.96800000000076
112,84,-58.73099999999977
111,85,566.8249999999998
110,86,-64.8309999999999
120,77,-104.12299999999959
119,78,-519.7750000000015
118,79,-609.7510000000002
117,80,-400.23099999999977
116,81,-304.2220000000016
115,82,24.6150000000016
114,83,12.804000000000087
113,84,276.9220000000005
112,85,494.7449999999999
111,86,310.36799999999994
110,87,573.9680000000008
120,78,-474.01800000000003
119,79,-1020.7930000000015
118,80,-594.3149999999987
117,81,-498.7530000000006
116,82,-1267.4429999999993
115,83,246.14900000000125
114,84,-243.27800000000025
113,85,611.2529999999997
112,86,9.680000000000064
111,87,937.6980000000003
122,77,-128.53399999999965
121,78,-448.7000000000007
120,79,-793.7520000000004
119,80,-816.0659999999989
118,81,-199.39700000000084
117,82,-631.7340000000004
116,83,-147.6160000000018
115,84,-228.82899999999972
114,85,286.6229999999996
113,86,180.154
112,87,211.38799999999992
122,78,-479.1779999999999
121,79,-1120.094000000001
120,80,-813.2669999999998
119,81,-337.22699999999895
118,82,-1040.8580000000002
117,83,-120.57400000000052
116,84,-261.6830000000009
115,85,182.10599999999977
114,86,-110.45400000000018
113,87,413.57800000000043
123,78,-430.70500000000175
122,79,-850.7050000000017
121,80,-842.5289999999986
120,81,-150.77799999999843
119,82,-651.0329999999994
118,83,-279.0060000000012
117,84,-31.166000000001077
116,85,60.55899999999929
115,86,-27.412999999999556
114,87,148.57299999999987
113,88,256.8169999999991
124,78,-642.1280000000006
123,79,-1262.982
122,80,-815.3100000000013
121,81,-350.4190000000017
120,82,-770.6080000000002
119,83,-40.85399999999936
118,84,-281.5689999999995
117,85,254.89400000000023
116,86,-334.5609999999997
115,87,181.538
114,88,-145.10000000000036
124,79,-553.4439999999995
123,80,-959.2030000000013
122,81,-61.309000000001106
121,82,-596.4830000000002
120,83,-64.89300000000003
119,84,49.181000000000495
118,85,-182.60699999999997
117,86,-254.04500000000007
116,87,86.41200000000003
115,88,-8.668999999999869
124,80,-640.148000000001
123,81,-416.0699999999997
122,82,-449.8149999999987
121,83,-85.92699999999968
120,84,-101.04499999999825
119,85,-275.2520000000004
118,86,-240.11499999999978
117,87,-82.69200000000001
116,88,-468.90300000000025
125,80,-117.71900000000096
124,81,-110.80199999999968
123,82,-580.1620000000003
122,83,14.431000000000495
121,84,-151.39800000000105
120,85,-354.51900000000023
119,86,-29.764000000000124
118,87,-289.81600000000003
117,88,-416.14699999999993
116,89,86.6890000000003
126,80,-75.72799999999916
125,81,-13.293000000001484
124,82,-155.50600000000122
123,83,-198.20100000000093
122,84,-58.668000000001484
121,85,-299.38800000000083
120,86,-322.91799999999967
119,87,-136.85899999999992
118,88,-364.38700000000017
117,89,-255.24599999999919
127,80,-87.44599999999991
126,81,35.56399999999849
125,82,-81.96800000000076
124,83,215.4459999999999
123,84,-275.7000000000007
122,85,-207.48199999999997
121,86,-264.7420000000002
120,87,-289.0210000000002
119,88,-196.01200000000017
118,89,-103.77200000000084
128,80,594.5920000000006
127,81,129.87900000000081
126,82,191.48099999999977
125,83,319.84899999999834
124,84,160.79300000000148
123,85,-389.90099999999984
122,86,-155.3889999999992
121,87,-344.9279999999999
120,88,-412.06600000000003
119,89,-49.14600000000064
118,90,-561.9589999999989
128,81,375.20700000000033
127,82,-344.5740000000005
126,83,-48.58899999999994
125,84,-76.01499999999942
124,85,-153.77299999999923
123,86,-261.0490000000009
122,87,-62.14399999999978
121,88,-361.76
120,89,-165.11299999999937
129,81,33.004000000000815
128,82,611.5709999999999
127,83,-21.905000000000655
126,84,276.9400000000005
125,85,77.90099999999984
124,86,5.236000000000786
123,87,-393.5079999999998
122,88,-207.161
121,89,-125.92100000000028
120,90,-480.47899999999936
130,81,932.0010000000002
129,82,316.9879999999994
128,83,240.88400000000001
127,84,-482.4920000000002
126,85,252.8089999999993
125,86,324.6700000000001
124,87,169.6859999999997
123,88,-458.13
122,89,-76.51500000000033
121,90,-383.60399999999936
120,91,-257.77400000000125
130,82,591.0710000000008
129,83,292.0569999999998
128,84,190.59200000000055
127,85,-258.14899999999943
126,86,230.78100000000086
125,87,374.00199999999995
124,88,-168.763
123,89,-190.39999999999964
122,90,-329.1139999999996
121,91,36.52300000000105
132,81,803.8109999999999
131,82,456.40200000000004
130,83,158.32899999999972
129,84,96.48099999999977
128,85,130.47800000000007
127,86,94.05100000000039
126,87,335.80099999999993
125,88,145.55700000000002
124,89,-88.97099999999955
123,90,-649.8919999999998
122,91,-25.806000000000495
132,82,296.981
131,83,-70.77999999999997
130,84,510.02800000000025
129,85,-229.15099999999984
128,86,440.33600000000024
127,87,-78.327
126,88,52.739999999999995
125,89,223.27199999999993
124,90,-355.0679999999993
123,91,-200.10499999999956
133,82,352.2449999999999
132,83,799.2719999999999
131,84,78.22900000000004
130,85,-6.583000000000084
129,86,-288.99
128,87,228.137
127,88,-168.0050000000001
126,89,280.5500000000002
125,90,-78.56600000000071
124,91,-15.462999999999738
123,92,-770.6879999999983
133,83,803.9880000000003
132,84,152.336
131,85,-143.32200000000012
130,86,-56.68799999999999
129,87,-328.97800000000007
128,88,201.4659999999999
127,89,-70.26400000000012
126,90,-211.46299999999974
125,91,323.79899999999907
124,92,-553.5709999999999
134,83,529.9629999999997
133,84,123.45200000000023
132,85,-235.40200000000004
131,86,-281.4340000000002
130,87,134.66299999999956
129,88,-380.46399999999994
128,89,192.3209999999999
127,90,-484.21999999999935
126,91,114.74799999999959
135,83,646.0380000000005
134,84,246.65200000000095
133,85,-329.78200000000015
132,86,-492.58700000000044
131,87,-640.5600000000004
130,88,-504.4440000000004
129,89,-499.15500000000065
128,90,-63.25300000000061
127,91,-190.4320000000007
126,92,-555.3450000000012
135,84,-28.638999999999214
134,85,-123.97899999999936
133,86,-320.66300000000047
132,87,-433.0609999999997
131,88,-716.1470000000008
130,89,-410.4470000000001
129,90,-697.2199999999993
128,91,333.2230000000018
127,92,-894.0469999999987
126,93,-263.04899999999907
136,84,-276.53800000000047
135,85,-54.25200000000041
134,86,-238.0059999999994
133,87,-677.6679999999997
132,88,-737.9089999999997
131,89,-826.2450000000008
130,90,-680.4619999999995
129,91,-431.60299999999916
127,93,-604.9779999999992
137,84,263.7570000000014
136,85,322.72899999999936
135,86,41.35399999999936
134,87,-102.7489999999998
133,88,-846.1229999999996
132,89,-638.9519999999993
131,90,-740.0740000000005
130,91,-415.0629999999983
129,92,-980.0040000000008
138,84,136.26800000000003
137,85,783.0279999999984
136,86,141.95700000000033
135,87,-281.89700000000084
134,88,-409.7950000000001
133,89,-968.2030000000013
132,90,-766.9609999999993
131,91,-985.6389999999992
130,92,-927.1660000000011
129,93,-575.3590000000004
138,85,668.0080000000016
137,86,529.7380000000012
136,87,242.32900000000154
135,88,-416.755000000001
134,89,-444.9449999999997
133,90,-704.5980000000018
132,91,-562.3859999999986
131,92,-374.7220000000016
130,93,-511.4170000000013
139,85,931.018
138,86,615.0980000000018
137,87,378.6140000000014
136,88,-224.16800000000148
135,89,-805.851999999999
134,90,-624.4190000000017
133,91,-957.6490000000013
132,92,-787.3100000000013
131,93,-477.75199999999677
139,86,724.143
138,87,550.601999999999
137,88,153.0440000000017
136,89,-162.6949999999997
135,90,-619.8070000000007
134,91,-723.3600000000006
133,92,-227.9989999999998
132,93,-481.9019999999982
140,86,897.1939999999995
139,87,580.5390000000007
138,88,147.57600000000093
137,89,-340.79899999999907
136,90,-422.35099999999875
135,91,-1046.4000000000015
134,92,-791.2030000000013
133,93,-403.1229999999996
141,86,1125.8349999999991
140,87,802.4449999999997
139,88,357.46399999999994
138,89,189.51499999999942
137,90,-85.2410000000018
136,91,-659.6290000000008
135,92,-524.9660000000003
134,93,-390.98199999999997
142,86,833.4660000000003
141,87,984.2209999999977
140,88,170.1939999999995
139,89,214.65399999999863
138,90,-269.10099999999875
137,91,-1346.4010000000017
136,92,-659.9989999999998
134,94,-752.1909999999989
143,86,1152.4000000000015
142,87,1148.252999999997
141,88,601.9629999999997
140,89,309.9360000000015
139,90,-354.4830000000002
138,91,-533.1519999999982
137,92,-739.380000000001
136,93,-748.622000000003
135,94,-5.076000000000931
134,95,-599.586000000003
143,87,1066.7690000000002
142,88,466.30599999999686
141,89,158.3859999999986
140,90,-137.4880000000012
139,91,-546.4569999999985
138,92,-594.9830000000002
137,93,-673.385000000002
136,94,-587.8300000000017
144,87,1020.5749999999971
143,88,696.4879999999976
142,89,422.8530000000028
141,90,-244.1889999999985
140,91,-555.6619999999966
139,92,-664.0480000000025
138,93,-606.3139999999985
137,94,-781.4230000000025
145,87,882.8340000000026
144,88,456.95500000000175
143,89,504.4230000000025
142,90,6.709999999999127
141,91,-353.45100000000093
140,92,-500.5550000000003
138,94,-489.0849999999991
146,87,1240.0520000000033
145,88,284.0619999999981
144,89,478.0369999999966
143,90,331.6419999999998
142,91,-290.5899999999965
141,92,-500.88900000000285
140,93,-561.4689999999973
139,94,-238.16399999999703
137,96,-226.6600000000035
146,88,680.6290000000008
145,89,381.1949999999997
144,90,-177.04200000000128
143,91,-381.1299999999974
142,92,-575.0409999999974
141,93,-565.1940000000031
140,94,-520.0140000000029
138,96,-607.5889999999999
146,89,687.1600000000035
145,90,-102.24599999999919
144,91,-121.09900000000198
143,92,-301.21800000000076
142,93,-466.9559999999983
141,94,-317.65400000000227
140,95,-425.39800000000105
147,89,930.9979999999996
146,90,95.20300000000134
145,91,-246.04499999999825
144,92,-555.4179999999978
143,93,-311.9060000000027
142,94,-488.49199999999837
140,96,-597.1800000000003
147,90,385.0970000000016
146,91,-232.37599999999657
145,92,-219.86699999999837
144,93,-248.40099999999802
143,94,-338.3380000000034
141,96,-432.849000000002
139,98,-181.74500000000262
147,91,-135.95700000000215
146,92,-502.2679999999964
145,93,-255.40299999999843
144,94,-416.85199999999895
143,95,-828.5789999999979
142,96,-484.79699999999866
147,92,-437.33200000000215
146,93,-328.9950000000026
145,94,-181.77999999999884
144,95,-579.6399999999994
143,96,-313.03800000000047
148,92,-374.502999999997
147,93,-443.77100000000064
146,94,-134.68099999999686
145,95,-499.8899999999994
144,96,-395.7779999999984
142,98,-561.2810000000027
148,93,-344.88500000000204
147,94,-204.88500000000204
146,95,-495.6650000000009
145,96,-378.2300000000032
149,93,-243.12400000000343
148,94,-83.12400000000343
147,95,-321.98599999999715
146,96,-456.3009999999995
144,98,-513.0179999999964
149,94,-215.4389999999985
148,95,-114.99500000000262
147,96,-228.0639999999985
146,97,-170.37099999999919
150,94,126.02100000000064
149,95,-230.86499999999796
148,96,-88.16500000000087
147,97,-316.1750000000029
146,98,-381.90400000000227
151,94,-101.8269999999975
150,95,-19.58299999999872
149,96,-215.4760000000024
148,97,-286.224000000002
147,98,-284.849000000002
152,94,44.77200000000448
150,96,-73.08800000000338
149,97,-423.0880000000034
148,98,-439.7719999999972
147,99,-771.198000000004
146,100,31.187000000005355
151,96,-486.8949999999968
150,97,-160.47899999999936
149,98,-540.6079999999929
148,99,-311.6070000000036
152,96,-187.25199999999313
151,97,-278.9470000000001
150,98,-512.0489999999991
148,100,-252.20699999999488
153,96,-59.304000000003725
152,97,-123.66700000000128
151,98,-537.2670000000071
149,100,-270.8570000000036
148,101,-29.047999999995227
154,96,19.588000000003376
153,97,-67.99400000000605
152,98,-299.6640000000043
150,100,-227.8070000000007
149,101,-490.8600000000006
155,96,317.98099999999977
154,97,167.98099999999977
153,98,-35.01900000000023
152,99,-518.4529999999941
151,100,-571.1919999999955
150,101,46.74899999999616
154,98,14.610000000000582
153,99,-385.3899999999994
152,100,-443.3889999999956
151,101,-382.8819999999978
150,102,-18.630000000004657
155,98,161.56200000000536
154,99,-319.5139999999956
153,100,-214.45100000000093
151,102,-161.30400000000373
150,103,53.471000000005006
156,98,71.39500000000407
155,99,-5.849000000001979
154,100,12.520999999993364
152,102,-136.68799999999464
151,103,-484.11299999999756
156,99,189.2369999999937
155,100,200.4649999999965
154,101,42.06900000000314
153,102,-118.06600000000617
152,103,-182.69500000000698
156,100,274.7960000000021
154,102,73.0460000000021
153,103,-173.3969999999972
152,104,-168.00800000000163
157,100,310.13700000000244
156,101,252.4719999999943
155,102,327.0639999999985
153,104,66.38899999999558
152,105,-325.7149999999965
157,101,240.35000000000582
154,104,244.33800000000338
153,105,-392.29700000000594
157,102,549.380999999994
154,105,-78.97900000000664
154,106,77.49499999999534
157,104,748.2329999999929
155,106,-134.99599999999919
154,107,-40.58999999999651
156,106,259.0720000000001
155,107,-137.88099999999395
156,108,-26.835000000006403
157,108,360.24499999999534
158,108,279.6750000000029
157,109,192.68099999999686
159,110,564.6710000000021
160,110,531.5840000000026
